,subject,dataset,no_face_frames,multi_face_frames,mark
0,40,UBFC-rPPG,0,0,-1
1,20,UBFC-rPPG,0,0,-1
2,38,UBFC-rPPG,0,0,-1
3,25,UBFC-rPPG,0,0,-1
4,13,UBFC-rPPG,0,0,-1
5,42,UBFC-rPPG,0,0,-1
6,41,UBFC-rPPG,0,0,-1
7,31,UBFC-rPPG,0,0,-1
8,23,UBFC-rPPG,0,1,-1
9,47,UBFC-rPPG,0,1,-1
10,39,UBFC-rPPG,0,2,-1
11,35,UBFC-rPPG,0,3,-1
12,15,UBFC-rPPG,0,3,-1
13,9,UBFC-rPPG,0,3,-1
14,45,UBFC-rPPG,0,3,-1
15,4,UBFC-rPPG,0,3,-1
16,5,UBFC-rPPG,0,4,-1
17,44,UBFC-rPPG,0,4,-1
18,11,UBFC-rPPG,0,5,-1
19,1,UBFC-rPPG,0,5,-1
20,30,UBFC-rPPG,0,6,-1
21,17,UBFC-rPPG,0,6,-1
22,14,UBFC-rPPG,0,6,-1
23,24,UBFC-rPPG,0,6,-1
24,36,UBFC-rPPG,0,6,-1
25,8,UBFC-rPPG,0,6,-1
26,34,UBFC-rPPG,0,6,-1
27,32,UBFC-rPPG,0,6,-1
28,3,UBFC-rPPG,0,6,-1
29,33,UBFC-rPPG,0,6,-1
30,16,UBFC-rPPG,0,7,-1
31,46,UBFC-rPPG,0,7,-1
32,12,UBFC-rPPG,0,0,-1
33,27,UBFC-rPPG,0,1,-1
34,18,UBFC-rPPG,0,1,-1
35,10,UBFC-rPPG,0,1,-1
36,43,UBFC-rPPG,0,1,-1
37,26,UBFC-rPPG,0,1,-1
38,49,UBFC-rPPG,0,1,-1
39,37,UBFC-rPPG,0,1,-1
40,48,UBFC-rPPG,0,1,-1
41,3,UBFC-PHYS,0,0,T1
42,3,UBFC-PHYS,0,0,T2
43,3,UBFC-PHYS,0,1,T3
44,4,UBFC-PHYS,1,1,T1
45,4,UBFC-PHYS,1,1,T2
46,4,UBFC-PHYS,1,1,T3
47,5,UBFC-PHYS,1,1,T1
48,5,UBFC-PHYS,1,1,T2
49,5,UBFC-PHYS,1,2,T3
50,6,UBFC-PHYS,1,2,T1
51,6,UBFC-PHYS,1,2,T2
52,6,UBFC-PHYS,1,3,T3
53,7,UBFC-PHYS,1,3,T1
54,7,UBFC-PHYS,1,4,T2
55,7,UBFC-PHYS,1,5,T3
56,10,UBFC-PHYS,0,0,T1
57,10,UBFC-PHYS,0,0,T2
58,10,UBFC-PHYS,0,0,T3
59,3,UBFC-PHYS,1,0,T1
60,3,UBFC-PHYS,1,0,T2
61,3,UBFC-PHYS,1,1,T3
62,4,UBFC-PHYS,2,1,T1
63,4,UBFC-PHYS,2,1,T2
64,4,UBFC-PHYS,2,1,T3
65,5,UBFC-PHYS,2,1,T1
66,5,UBFC-PHYS,2,1,T2
67,5,UBFC-PHYS,2,2,T3
68,6,UBFC-PHYS,2,2,T1
69,6,UBFC-PHYS,2,2,T2
70,6,UBFC-PHYS,2,3,T3
71,7,UBFC-PHYS,2,3,T1
72,7,UBFC-PHYS,2,4,T2
73,7,UBFC-PHYS,2,5,T3
74,8,UBFC-PHYS,2,6,T1
75,8,UBFC-PHYS,2,7,T2
76,8,UBFC-PHYS,2,7,T3
77,9,UBFC-PHYS,2,7,T1
78,9,UBFC-PHYS,2,7,T2
79,9,UBFC-PHYS,2,7,T3
80,40,UBFC-rPPG,0,0,-1
81,20,UBFC-rPPG,0,0,-1
82,38,UBFC-rPPG,0,0,-1
83,25,UBFC-rPPG,0,0,-1
84,13,UBFC-rPPG,0,0,-1
85,42,UBFC-rPPG,0,0,-1
86,41,UBFC-rPPG,0,0,-1
87,31,UBFC-rPPG,0,0,-1
88,23,UBFC-rPPG,0,1,-1
89,47,UBFC-rPPG,0,1,-1
90,39,UBFC-rPPG,0,2,-1
91,35,UBFC-rPPG,0,3,-1
92,15,UBFC-rPPG,0,3,-1
93,9,UBFC-rPPG,0,3,-1
94,45,UBFC-rPPG,0,3,-1
95,4,UBFC-rPPG,0,3,-1
96,5,UBFC-rPPG,0,4,-1
97,44,UBFC-rPPG,0,4,-1
98,11,UBFC-rPPG,0,5,-1
99,1,UBFC-rPPG,0,5,-1
100,30,UBFC-rPPG,0,6,-1
101,17,UBFC-rPPG,0,6,-1
102,14,UBFC-rPPG,0,6,-1
103,24,UBFC-rPPG,0,6,-1
104,36,UBFC-rPPG,0,6,-1
105,8,UBFC-rPPG,0,6,-1
106,34,UBFC-rPPG,0,6,-1
107,32,UBFC-rPPG,0,6,-1
108,3,UBFC-rPPG,0,6,-1
109,33,UBFC-rPPG,0,6,-1
110,16,UBFC-rPPG,0,7,-1
111,46,UBFC-rPPG,0,7,-1
112,12,UBFC-rPPG,0,0,-1
113,27,UBFC-rPPG,0,1,-1
114,18,UBFC-rPPG,0,1,-1
115,10,UBFC-rPPG,0,1,-1
116,43,UBFC-rPPG,0,1,-1
117,26,UBFC-rPPG,0,1,-1
118,49,UBFC-rPPG,0,1,-1
119,37,UBFC-rPPG,0,1,-1
120,48,UBFC-rPPG,0,1,-1
121,40,UBFC-rPPG,0,0,-1
122,1,UBFC-rPPG,0,0,-1
123,10,UBFC-rPPG,1,0,-1
124,11,UBFC-rPPG,2,0,-1
125,12,UBFC-rPPG,3,0,-1
126,13,UBFC-rPPG,4,0,-1
127,14,UBFC-rPPG,5,0,-1
128,15,UBFC-rPPG,6,0,-1
129,16,UBFC-rPPG,7,0,-1
130,17,UBFC-rPPG,8,0,-1
131,18,UBFC-rPPG,9,0,-1
132,20,UBFC-rPPG,10,0,-1
133,23,UBFC-rPPG,11,0,-1
134,24,UBFC-rPPG,12,0,-1
135,25,UBFC-rPPG,13,0,-1
136,26,UBFC-rPPG,14,0,-1
137,27,UBFC-rPPG,15,0,-1
138,3,UBFC-rPPG,16,0,-1
139,30,UBFC-rPPG,17,0,-1
140,31,UBFC-rPPG,18,0,-1
141,32,UBFC-rPPG,19,0,-1
142,33,UBFC-rPPG,20,0,-1
143,34,UBFC-rPPG,21,0,-1
144,35,UBFC-rPPG,22,0,-1
145,36,UBFC-rPPG,23,0,-1
146,37,UBFC-rPPG,24,0,-1
147,38,UBFC-rPPG,25,0,-1
148,1,UBFC-rPPG,0,0,-1
149,10,UBFC-rPPG,0,0,-1
150,11,UBFC-rPPG,0,0,-1
151,12,UBFC-rPPG,0,0,-1
152,13,UBFC-rPPG,0,0,-1
153,14,UBFC-rPPG,0,0,-1
154,15,UBFC-rPPG,0,0,-1
155,16,UBFC-rPPG,0,0,-1
156,17,UBFC-rPPG,0,0,-1
157,18,UBFC-rPPG,0,0,-1
158,20,UBFC-rPPG,0,0,-1
159,1,UBFC-rPPG,0,0,-1
160,10,UBFC-rPPG,0,0,-1
161,11,UBFC-rPPG,0,0,-1
162,12,UBFC-rPPG,0,0,-1
163,13,UBFC-rPPG,0,0,-1
164,14,UBFC-rPPG,0,0,-1
165,15,UBFC-rPPG,0,0,-1
166,16,UBFC-rPPG,0,0,-1
167,17,UBFC-rPPG,0,0,-1
168,18,UBFC-rPPG,0,0,-1
169,20,UBFC-rPPG,0,0,-1
170,23,UBFC-rPPG,0,0,-1
171,24,UBFC-rPPG,0,0,-1
172,25,UBFC-rPPG,0,0,-1
173,26,UBFC-rPPG,0,0,-1
174,27,UBFC-rPPG,0,0,-1
175,3,UBFC-rPPG,0,0,-1
176,30,UBFC-rPPG,0,0,-1
177,31,UBFC-rPPG,0,0,-1
178,32,UBFC-rPPG,0,0,-1
179,33,UBFC-rPPG,0,0,-1
180,34,UBFC-rPPG,0,0,-1
181,35,UBFC-rPPG,0,0,-1
182,36,UBFC-rPPG,0,0,-1
183,37,UBFC-rPPG,0,0,-1
184,38,UBFC-rPPG,0,0,-1
185,39,UBFC-rPPG,0,0,-1
186,4,UBFC-rPPG,0,0,-1
187,40,UBFC-rPPG,0,0,-1
188,41,UBFC-rPPG,0,0,-1
189,42,UBFC-rPPG,0,0,-1
190,43,UBFC-rPPG,0,0,-1
191,44,UBFC-rPPG,0,0,-1
192,45,UBFC-rPPG,0,0,-1
193,46,UBFC-rPPG,0,0,-1
194,47,UBFC-rPPG,0,0,-1
195,48,UBFC-rPPG,0,0,-1
196,49,UBFC-rPPG,0,0,-1
197,5,UBFC-rPPG,0,0,-1
198,8,UBFC-rPPG,0,0,-1
199,9,UBFC-rPPG,0,0,-1
200,3,UBFC-PHYS,0,0,T3
201,4,UBFC-PHYS,0,0,T1
202,4,UBFC-PHYS,0,0,T2
203,4,UBFC-PHYS,0,0,T3
204,5,UBFC-PHYS,0,0,T1
205,5,UBFC-PHYS,0,0,T2
206,5,UBFC-PHYS,0,0,T3
207,6,UBFC-PHYS,0,0,T1
208,6,UBFC-PHYS,0,0,T2
209,6,UBFC-PHYS,0,0,T3
210,7,UBFC-PHYS,0,0,T1
211,7,UBFC-PHYS,0,0,T2
212,7,UBFC-PHYS,0,0,T3
213,8,UBFC-PHYS,0,0,T1
214,8,UBFC-PHYS,0,0,T2
215,8,UBFC-PHYS,0,0,T3
216,9,UBFC-PHYS,0,0,T1
217,9,UBFC-PHYS,0,0,T2
218,9,UBFC-PHYS,0,0,T3
219,1,UBFC-rPPG,0,0,-1
220,10,UBFC-rPPG,0,0,-1
221,11,UBFC-rPPG,0,0,-1
222,12,UBFC-rPPG,0,0,-1
223,13,UBFC-rPPG,0,0,-1
224,14,UBFC-rPPG,0,0,-1
225,15,UBFC-rPPG,0,0,-1
226,16,UBFC-rPPG,0,0,-1
227,17,UBFC-rPPG,0,0,-1
228,18,UBFC-rPPG,0,0,-1
229,20,UBFC-rPPG,0,0,-1
230,23,UBFC-rPPG,0,0,-1
231,1,UBFC-rPPG,0,0,-1
232,10,UBFC-rPPG,0,0,-1
233,11,UBFC-rPPG,0,0,-1
234,12,UBFC-rPPG,0,0,-1
235,13,UBFC-rPPG,0,0,-1
236,14,UBFC-rPPG,0,0,-1
237,15,UBFC-rPPG,0,0,-1
238,16,UBFC-rPPG,0,0,-1
239,17,UBFC-rPPG,0,0,-1
240,18,UBFC-rPPG,0,0,-1
241,20,UBFC-rPPG,0,0,-1
242,23,UBFC-rPPG,0,0,-1
243,24,UBFC-rPPG,0,0,-1
244,25,UBFC-rPPG,0,0,-1
245,26,UBFC-rPPG,0,0,-1
246,27,UBFC-rPPG,0,0,-1
247,3,UBFC-rPPG,0,0,-1
248,30,UBFC-rPPG,0,0,-1
249,31,UBFC-rPPG,0,0,-1
250,32,UBFC-rPPG,0,0,-1
251,33,UBFC-rPPG,0,0,-1
252,34,UBFC-rPPG,0,0,-1
253,35,UBFC-rPPG,0,0,-1
254,36,UBFC-rPPG,0,0,-1
255,37,UBFC-rPPG,0,0,-1
256,38,UBFC-rPPG,0,0,-1
257,39,UBFC-rPPG,0,0,-1
258,4,UBFC-rPPG,0,0,-1
259,40,UBFC-rPPG,0,0,-1
260,41,UBFC-rPPG,0,0,-1
261,42,UBFC-rPPG,0,0,-1
262,43,UBFC-rPPG,0,0,-1
263,44,UBFC-rPPG,0,0,-1
264,45,UBFC-rPPG,0,0,-1
265,46,UBFC-rPPG,0,0,-1
266,47,UBFC-rPPG,0,0,-1
267,48,UBFC-rPPG,0,0,-1
268,49,UBFC-rPPG,0,0,-1
269,5,UBFC-rPPG,0,0,-1
270,8,UBFC-rPPG,0,0,-1
271,9,UBFC-rPPG,0,0,-1
272,1,UBFC-PHYS,0,0,T1
273,1,UBFC-PHYS,0,0,T2
274,11,UBFC-PHYS,0,0,T1
275,11,UBFC-PHYS,0,0,T2
276,13,UBFC-PHYS,0,0,T1
277,13,UBFC-PHYS,0,0,T2
278,14,UBFC-PHYS,0,0,T1
279,14,UBFC-PHYS,0,0,T2
280,15,UBFC-PHYS,0,0,T1
281,15,UBFC-PHYS,0,0,T2
282,16,UBFC-PHYS,0,0,T1
283,16,UBFC-PHYS,0,0,T2
284,17,UBFC-PHYS,0,0,T1
285,17,UBFC-PHYS,0,0,T2
286,18,UBFC-PHYS,0,0,T1
287,18,UBFC-PHYS,0,0,T2
288,19,UBFC-PHYS,0,0,T1
289,19,UBFC-PHYS,0,0,T2
290,2,UBFC-PHYS,0,0,T1
291,2,UBFC-PHYS,0,0,T2
292,20,UBFC-PHYS,0,0,T1
293,20,UBFC-PHYS,0,0,T2
294,21,UBFC-PHYS,0,0,T1
295,21,UBFC-PHYS,0,0,T2
296,22,UBFC-PHYS,0,0,T1
297,22,UBFC-PHYS,0,0,T2
298,23,UBFC-PHYS,0,0,T1
299,23,UBFC-PHYS,0,0,T2
300,24,UBFC-PHYS,0,0,T1
301,24,UBFC-PHYS,0,0,T2
302,25,UBFC-PHYS,0,0,T1
303,25,UBFC-PHYS,0,0,T2
304,26,UBFC-PHYS,0,0,T1
305,26,UBFC-PHYS,0,0,T2
306,27,UBFC-PHYS,0,0,T1
307,27,UBFC-PHYS,0,0,T2
308,28,UBFC-PHYS,0,0,T1
309,28,UBFC-PHYS,0,0,T2
310,29,UBFC-PHYS,0,0,T1
311,29,UBFC-PHYS,0,0,T2
312,1,UBFC-rPPG,0,0,-1
313,10,UBFC-rPPG,0,0,-1
314,11,UBFC-rPPG,0,0,-1
315,12,UBFC-rPPG,0,0,-1
316,13,UBFC-rPPG,0,0,-1
317,14,UBFC-rPPG,0,0,-1
318,15,UBFC-rPPG,0,0,-1
319,16,UBFC-rPPG,0,0,-1
320,17,UBFC-rPPG,0,0,-1
321,18,UBFC-rPPG,0,0,-1
322,20,UBFC-rPPG,0,0,-1
323,23,UBFC-rPPG,0,0,-1
324,24,UBFC-rPPG,0,0,-1
325,25,UBFC-rPPG,0,0,-1
326,26,UBFC-rPPG,0,0,-1
327,27,UBFC-rPPG,0,0,-1
328,3,UBFC-rPPG,0,0,-1
329,30,UBFC-rPPG,0,0,-1
330,31,UBFC-rPPG,0,0,-1
331,32,UBFC-rPPG,0,0,-1
332,33,UBFC-rPPG,0,0,-1
333,34,UBFC-rPPG,0,0,-1
334,35,UBFC-rPPG,0,0,-1
335,36,UBFC-rPPG,0,0,-1
336,37,UBFC-rPPG,0,0,-1
337,38,UBFC-rPPG,0,0,-1
338,39,UBFC-rPPG,0,0,-1
339,4,UBFC-rPPG,0,0,-1
340,40,UBFC-rPPG,0,0,-1
341,41,UBFC-rPPG,0,0,-1
342,42,UBFC-rPPG,0,0,-1
343,43,UBFC-rPPG,0,0,-1
344,44,UBFC-rPPG,0,0,-1
345,45,UBFC-rPPG,0,0,-1
346,46,UBFC-rPPG,0,0,-1
347,47,UBFC-rPPG,0,0,-1
348,48,UBFC-rPPG,0,0,-1
349,49,UBFC-rPPG,0,0,-1
350,5,UBFC-rPPG,0,0,-1
351,8,UBFC-rPPG,0,0,-1
352,9,UBFC-rPPG,0,0,-1
353,1,UBFC-rPPG,0,0,-1
354,10,UBFC-rPPG,0,0,-1
355,11,UBFC-rPPG,0,0,-1
356,12,UBFC-rPPG,0,0,-1
357,13,UBFC-rPPG,0,0,-1
358,14,UBFC-rPPG,0,0,-1
359,15,UBFC-rPPG,0,0,-1
360,16,UBFC-rPPG,0,0,-1
361,17,UBFC-rPPG,0,0,-1
362,18,UBFC-rPPG,0,0,-1
363,20,UBFC-rPPG,0,0,-1
364,23,UBFC-rPPG,0,0,-1
365,24,UBFC-rPPG,0,0,-1
366,25,UBFC-rPPG,0,0,-1
367,26,UBFC-rPPG,0,0,-1
368,27,UBFC-rPPG,0,0,-1
369,3,UBFC-rPPG,0,0,-1
370,30,UBFC-rPPG,0,0,-1
371,31,UBFC-rPPG,0,0,-1
372,32,UBFC-rPPG,0,0,-1
373,33,UBFC-rPPG,0,0,-1
374,34,UBFC-rPPG,0,0,-1
375,35,UBFC-rPPG,0,0,-1
376,36,UBFC-rPPG,0,0,-1
377,37,UBFC-rPPG,0,0,-1
378,38,UBFC-rPPG,0,0,-1
379,39,UBFC-rPPG,0,0,-1
380,4,UBFC-rPPG,0,0,-1
381,40,UBFC-rPPG,0,0,-1
382,41,UBFC-rPPG,0,0,-1
383,42,UBFC-rPPG,0,0,-1
384,43,UBFC-rPPG,0,0,-1
385,1,UBFC-rPPG,0,0,-1
386,10,UBFC-rPPG,0,0,-1
387,11,UBFC-rPPG,0,0,-1
388,12,UBFC-rPPG,0,0,-1
389,13,UBFC-rPPG,0,0,-1
390,14,UBFC-rPPG,0,0,-1
391,15,UBFC-rPPG,0,0,-1
392,16,UBFC-rPPG,0,0,-1
393,17,UBFC-rPPG,0,0,-1
394,18,UBFC-rPPG,0,0,-1
395,20,UBFC-rPPG,0,0,-1
396,23,UBFC-rPPG,0,0,-1
397,24,UBFC-rPPG,0,0,-1
398,25,UBFC-rPPG,0,0,-1
399,26,UBFC-rPPG,0,0,-1
400,27,UBFC-rPPG,0,0,-1
401,3,UBFC-rPPG,0,0,-1
402,30,UBFC-rPPG,0,0,-1
403,31,UBFC-rPPG,0,0,-1
404,32,UBFC-rPPG,0,0,-1
405,33,UBFC-rPPG,0,0,-1
406,34,UBFC-rPPG,0,0,-1
407,35,UBFC-rPPG,0,0,-1
408,36,UBFC-rPPG,0,0,-1
409,37,UBFC-rPPG,0,0,-1
410,38,UBFC-rPPG,0,0,-1
411,39,UBFC-rPPG,0,0,-1
412,4,UBFC-rPPG,0,0,-1
413,40,UBFC-rPPG,0,0,-1
414,41,UBFC-rPPG,0,0,-1
415,42,UBFC-rPPG,0,0,-1
416,43,UBFC-rPPG,0,0,-1
417,1,UBFC-rPPG,0,0,-1
418,10,UBFC-rPPG,0,0,-1
419,11,UBFC-rPPG,0,0,-1
420,12,UBFC-rPPG,0,0,-1
421,13,UBFC-rPPG,0,0,-1
422,14,UBFC-rPPG,0,0,-1
423,15,UBFC-rPPG,0,0,-1
424,16,UBFC-rPPG,0,0,-1
425,17,UBFC-rPPG,0,0,-1
426,18,UBFC-rPPG,0,0,-1
427,20,UBFC-rPPG,0,0,-1
428,23,UBFC-rPPG,0,0,-1
429,24,UBFC-rPPG,0,0,-1
430,25,UBFC-rPPG,0,0,-1
431,26,UBFC-rPPG,0,0,-1
432,27,UBFC-rPPG,0,0,-1
433,3,UBFC-rPPG,0,0,-1
434,30,UBFC-rPPG,0,0,-1
435,31,UBFC-rPPG,0,0,-1
436,32,UBFC-rPPG,0,0,-1
437,33,UBFC-rPPG,0,0,-1
438,34,UBFC-rPPG,0,0,-1
439,35,UBFC-rPPG,0,0,-1
440,36,UBFC-rPPG,0,0,-1
441,37,UBFC-rPPG,0,0,-1
442,38,UBFC-rPPG,0,0,-1
443,39,UBFC-rPPG,0,0,-1
444,4,UBFC-rPPG,0,0,-1
445,40,UBFC-rPPG,0,0,-1
446,41,UBFC-rPPG,0,0,-1
447,42,UBFC-rPPG,0,0,-1
448,43,UBFC-rPPG,0,0,-1
449,1,UBFC-rPPG,0,0,-1
450,10,UBFC-rPPG,0,0,-1
451,11,UBFC-rPPG,0,0,-1
452,12,UBFC-rPPG,0,0,-1
453,13,UBFC-rPPG,0,0,-1
454,14,UBFC-rPPG,0,0,-1
455,15,UBFC-rPPG,0,0,-1
456,16,UBFC-rPPG,0,0,-1
457,17,UBFC-rPPG,0,0,-1
458,18,UBFC-rPPG,0,0,-1
459,20,UBFC-rPPG,0,0,-1
460,23,UBFC-rPPG,0,0,-1
461,24,UBFC-rPPG,0,0,-1
462,25,UBFC-rPPG,0,0,-1
463,26,UBFC-rPPG,0,0,-1
464,27,UBFC-rPPG,0,0,-1
465,3,UBFC-rPPG,0,0,-1
466,30,UBFC-rPPG,0,0,-1
467,31,UBFC-rPPG,0,0,-1
468,32,UBFC-rPPG,0,0,-1
469,33,UBFC-rPPG,0,0,-1
470,34,UBFC-rPPG,0,0,-1
471,35,UBFC-rPPG,0,0,-1
472,36,UBFC-rPPG,0,0,-1
473,37,UBFC-rPPG,0,0,-1
474,1,UBFC-rPPG,0,0,-1
475,10,UBFC-rPPG,0,0,-1
476,11,UBFC-rPPG,0,0,-1
477,12,UBFC-rPPG,0,0,-1
478,13,UBFC-rPPG,0,0,-1
479,14,UBFC-rPPG,0,0,-1
480,15,UBFC-rPPG,0,0,-1
481,16,UBFC-rPPG,0,0,-1
482,17,UBFC-rPPG,0,0,-1
483,18,UBFC-rPPG,0,0,-1
484,20,UBFC-rPPG,0,0,-1
485,23,UBFC-rPPG,0,0,-1
486,24,UBFC-rPPG,0,0,-1
487,25,UBFC-rPPG,0,0,-1
488,26,UBFC-rPPG,0,0,-1
489,27,UBFC-rPPG,0,0,-1
490,3,UBFC-rPPG,0,0,-1
491,30,UBFC-rPPG,0,0,-1
492,31,UBFC-rPPG,0,0,-1
493,32,UBFC-rPPG,0,0,-1
494,33,UBFC-rPPG,0,0,-1
495,34,UBFC-rPPG,0,0,-1
496,35,UBFC-rPPG,0,0,-1
497,36,UBFC-rPPG,0,0,-1
498,37,UBFC-rPPG,0,0,-1
499,38,UBFC-rPPG,0,0,-1
500,39,UBFC-rPPG,0,0,-1
501,4,UBFC-rPPG,0,0,-1
502,40,UBFC-rPPG,0,0,-1
503,41,UBFC-rPPG,0,0,-1
504,42,UBFC-rPPG,0,0,-1
505,43,UBFC-rPPG,0,0,-1
506,1,UBFC-rPPG,0,0,-1
507,10,UBFC-rPPG,0,0,-1
508,11,UBFC-rPPG,0,0,-1
509,12,UBFC-rPPG,0,0,-1
510,13,UBFC-rPPG,0,0,-1
511,14,UBFC-rPPG,0,0,-1
512,15,UBFC-rPPG,0,0,-1
513,16,UBFC-rPPG,0,0,-1
514,17,UBFC-rPPG,0,0,-1
515,18,UBFC-rPPG,0,0,-1
516,20,UBFC-rPPG,0,0,-1
517,23,UBFC-rPPG,0,0,-1
518,24,UBFC-rPPG,0,0,-1
519,25,UBFC-rPPG,0,0,-1
520,26,UBFC-rPPG,0,0,-1
521,27,UBFC-rPPG,0,0,-1
522,3,UBFC-rPPG,0,0,-1
523,30,UBFC-rPPG,0,0,-1
524,31,UBFC-rPPG,0,0,-1
525,32,UBFC-rPPG,0,0,-1
526,33,UBFC-rPPG,0,0,-1
527,34,UBFC-rPPG,0,0,-1
528,35,UBFC-rPPG,0,0,-1
529,36,UBFC-rPPG,0,0,-1
530,37,UBFC-rPPG,0,0,-1
531,38,UBFC-rPPG,0,0,-1
532,39,UBFC-rPPG,0,0,-1
533,4,UBFC-rPPG,0,0,-1
534,40,UBFC-rPPG,0,0,-1
535,1,UBFC-rPPG,0,0,-1
536,10,UBFC-rPPG,0,0,-1
537,11,UBFC-rPPG,0,0,-1
538,12,UBFC-rPPG,0,0,-1
539,13,UBFC-rPPG,0,0,-1
540,14,UBFC-rPPG,0,0,-1
541,15,UBFC-rPPG,0,0,-1
542,16,UBFC-rPPG,0,0,-1
543,17,UBFC-rPPG,0,0,-1
544,18,UBFC-rPPG,0,0,-1
545,20,UBFC-rPPG,0,0,-1
546,23,UBFC-rPPG,0,0,-1
547,24,UBFC-rPPG,0,0,-1
548,25,UBFC-rPPG,0,0,-1
549,26,UBFC-rPPG,0,0,-1
550,27,UBFC-rPPG,0,0,-1
551,3,UBFC-rPPG,0,0,-1
552,30,UBFC-rPPG,0,0,-1
553,1,UBFC-rPPG,0,0,-1
554,10,UBFC-rPPG,0,0,-1
555,11,UBFC-rPPG,0,0,-1
556,12,UBFC-rPPG,0,0,-1
557,13,UBFC-rPPG,0,0,-1
558,14,UBFC-rPPG,0,0,-1
559,15,UBFC-rPPG,0,0,-1
560,16,UBFC-rPPG,0,0,-1
561,17,UBFC-rPPG,0,0,-1
562,18,UBFC-rPPG,0,0,-1
563,20,UBFC-rPPG,0,0,-1
564,23,UBFC-rPPG,0,0,-1
565,24,UBFC-rPPG,0,0,-1
566,25,UBFC-rPPG,0,0,-1
567,26,UBFC-rPPG,0,0,-1
568,27,UBFC-rPPG,0,0,-1
569,3,UBFC-rPPG,0,0,-1
570,30,UBFC-rPPG,0,0,-1
571,31,UBFC-rPPG,0,0,-1
572,32,UBFC-rPPG,0,0,-1
573,33,UBFC-rPPG,0,0,-1
574,34,UBFC-rPPG,0,0,-1
575,35,UBFC-rPPG,0,0,-1
576,36,UBFC-rPPG,0,0,-1
577,37,UBFC-rPPG,0,0,-1
578,38,UBFC-rPPG,0,0,-1
579,39,UBFC-rPPG,0,0,-1
580,4,UBFC-rPPG,0,0,-1
581,40,UBFC-rPPG,0,0,-1
582,41,UBFC-rPPG,0,0,-1
583,42,UBFC-rPPG,0,0,-1
584,43,UBFC-rPPG,0,0,-1
585,1,UBFC-rPPG,0,0,-1
586,1,UBFC-rPPG,0,0,-1
587,10,UBFC-rPPG,0,0,-1
588,11,UBFC-rPPG,0,0,-1
589,12,UBFC-rPPG,0,0,-1
590,13,UBFC-rPPG,0,0,-1
591,14,UBFC-rPPG,0,0,-1
592,15,UBFC-rPPG,0,0,-1
593,16,UBFC-rPPG,0,0,-1
594,17,UBFC-rPPG,0,0,-1
595,18,UBFC-rPPG,0,0,-1
596,20,UBFC-rPPG,0,0,-1
597,23,UBFC-rPPG,0,0,-1
598,24,UBFC-rPPG,0,0,-1
599,25,UBFC-rPPG,0,0,-1
600,26,UBFC-rPPG,0,0,-1
601,27,UBFC-rPPG,0,0,-1
602,3,UBFC-rPPG,0,0,-1
603,30,UBFC-rPPG,0,0,-1
604,31,UBFC-rPPG,0,0,-1
605,32,UBFC-rPPG,0,0,-1
606,33,UBFC-rPPG,0,0,-1
607,34,UBFC-rPPG,0,0,-1
608,35,UBFC-rPPG,0,0,-1
609,36,UBFC-rPPG,0,0,-1
610,37,UBFC-rPPG,0,0,-1
611,38,UBFC-rPPG,0,0,-1
612,39,UBFC-rPPG,0,0,-1
613,4,UBFC-rPPG,0,0,-1
614,40,UBFC-rPPG,0,0,-1
615,41,UBFC-rPPG,0,0,-1
616,42,UBFC-rPPG,0,0,-1
617,43,UBFC-rPPG,0,0,-1
618,1,UBFC-rPPG,0,0,-1
619,10,UBFC-rPPG,0,0,-1
620,11,UBFC-rPPG,0,0,-1
621,12,UBFC-rPPG,0,0,-1
622,13,UBFC-rPPG,0,0,-1
623,14,UBFC-rPPG,0,0,-1
624,15,UBFC-rPPG,0,0,-1
625,16,UBFC-rPPG,0,0,-1
626,17,UBFC-rPPG,0,0,-1
627,18,UBFC-rPPG,0,0,-1
628,20,UBFC-rPPG,0,0,-1
629,23,UBFC-rPPG,0,0,-1
630,24,UBFC-rPPG,0,0,-1
631,25,UBFC-rPPG,0,0,-1
632,26,UBFC-rPPG,0,0,-1
633,27,UBFC-rPPG,0,0,-1
634,3,UBFC-rPPG,0,0,-1
635,30,UBFC-rPPG,0,0,-1
636,31,UBFC-rPPG,0,0,-1
637,32,UBFC-rPPG,0,0,-1
638,33,UBFC-rPPG,0,0,-1
639,34,UBFC-rPPG,0,0,-1
640,35,UBFC-rPPG,0,0,-1
641,36,UBFC-rPPG,0,0,-1
642,37,UBFC-rPPG,0,0,-1
643,38,UBFC-rPPG,0,0,-1
644,39,UBFC-rPPG,0,0,-1
645,4,UBFC-rPPG,0,0,-1
646,40,UBFC-rPPG,0,0,-1
647,41,UBFC-rPPG,0,0,-1
648,42,UBFC-rPPG,0,0,-1
649,43,UBFC-rPPG,0,0,-1
650,44,UBFC-rPPG,0,0,-1
651,45,UBFC-rPPG,0,0,-1
652,46,UBFC-rPPG,0,0,-1
653,47,UBFC-rPPG,0,0,-1
654,48,UBFC-rPPG,0,0,-1
655,49,UBFC-rPPG,0,0,-1
656,5,UBFC-rPPG,0,0,-1
657,8,UBFC-rPPG,0,0,-1
658,9,UBFC-rPPG,0,0,-1
659,1,UBFC-rPPG,0,0,-1
660,10,UBFC-rPPG,0,0,-1
661,11,UBFC-rPPG,0,0,-1
662,12,UBFC-rPPG,0,0,-1
663,13,UBFC-rPPG,0,0,-1
664,14,UBFC-rPPG,0,0,-1
665,15,UBFC-rPPG,0,0,-1
666,16,UBFC-rPPG,0,0,-1
667,17,UBFC-rPPG,0,0,-1
668,18,UBFC-rPPG,0,0,-1
669,20,UBFC-rPPG,0,0,-1
670,23,UBFC-rPPG,0,0,-1
671,24,UBFC-rPPG,0,0,-1
672,25,UBFC-rPPG,0,0,-1
673,26,UBFC-rPPG,0,0,-1
674,27,UBFC-rPPG,0,0,-1
675,3,UBFC-rPPG,0,0,-1
676,30,UBFC-rPPG,0,0,-1
677,31,UBFC-rPPG,0,0,-1
678,32,UBFC-rPPG,0,0,-1
679,33,UBFC-rPPG,0,0,-1
680,34,UBFC-rPPG,0,0,-1
681,35,UBFC-rPPG,0,0,-1
682,36,UBFC-rPPG,0,0,-1
683,37,UBFC-rPPG,0,0,-1
684,38,UBFC-rPPG,0,0,-1
685,39,UBFC-rPPG,0,0,-1
686,4,UBFC-rPPG,0,0,-1
687,40,UBFC-rPPG,0,0,-1
688,41,UBFC-rPPG,0,0,-1
689,42,UBFC-rPPG,0,0,-1
690,43,UBFC-rPPG,0,0,-1
691,44,UBFC-rPPG,0,0,-1
692,45,UBFC-rPPG,0,0,-1
693,46,UBFC-rPPG,0,0,-1
694,47,UBFC-rPPG,0,0,-1
695,48,UBFC-rPPG,0,0,-1
696,49,UBFC-rPPG,0,0,-1
697,5,UBFC-rPPG,0,0,-1
698,8,UBFC-rPPG,0,0,-1
699,9,UBFC-rPPG,0,0,-1
700,1,UBFC-rPPG,0,0,-1
701,10,UBFC-rPPG,0,0,-1
702,11,UBFC-rPPG,0,0,-1
703,12,UBFC-rPPG,0,0,-1
704,13,UBFC-rPPG,0,0,-1
705,14,UBFC-rPPG,0,0,-1
706,15,UBFC-rPPG,0,0,-1
707,16,UBFC-rPPG,0,0,-1
708,17,UBFC-rPPG,0,0,-1
709,18,UBFC-rPPG,0,0,-1
710,20,UBFC-rPPG,0,0,-1
711,23,UBFC-rPPG,0,0,-1
712,24,UBFC-rPPG,0,0,-1
713,25,UBFC-rPPG,0,0,-1
714,26,UBFC-rPPG,0,0,-1
715,27,UBFC-rPPG,0,0,-1
716,3,UBFC-rPPG,0,0,-1
717,30,UBFC-rPPG,0,0,-1
718,31,UBFC-rPPG,0,0,-1
719,32,UBFC-rPPG,0,0,-1
720,33,UBFC-rPPG,0,0,-1
721,34,UBFC-rPPG,0,0,-1
722,35,UBFC-rPPG,0,0,-1
723,36,UBFC-rPPG,0,0,-1
724,37,UBFC-rPPG,0,0,-1
725,38,UBFC-rPPG,0,0,-1
726,39,UBFC-rPPG,0,0,-1
727,4,UBFC-rPPG,0,0,-1
728,40,UBFC-rPPG,0,0,-1
729,41,UBFC-rPPG,0,0,-1
730,42,UBFC-rPPG,0,0,-1
731,43,UBFC-rPPG,0,0,-1
732,44,UBFC-rPPG,0,0,-1
733,45,UBFC-rPPG,0,0,-1
734,46,UBFC-rPPG,0,0,-1
735,47,UBFC-rPPG,0,0,-1
736,48,UBFC-rPPG,0,0,-1
737,49,UBFC-rPPG,0,0,-1
738,5,UBFC-rPPG,0,0,-1
739,8,UBFC-rPPG,0,0,-1
740,9,UBFC-rPPG,0,0,-1
741,1,UBFC-rPPG,0,0,-1
742,10,UBFC-rPPG,0,0,-1
743,11,UBFC-rPPG,0,0,-1
744,12,UBFC-rPPG,0,0,-1
745,13,UBFC-rPPG,0,0,-1
746,14,UBFC-rPPG,0,0,-1
747,15,UBFC-rPPG,0,0,-1
748,16,UBFC-rPPG,0,0,-1
749,17,UBFC-rPPG,0,0,-1
750,18,UBFC-rPPG,0,0,-1
751,20,UBFC-rPPG,0,0,-1
752,23,UBFC-rPPG,0,0,-1
753,24,UBFC-rPPG,0,0,-1
754,25,UBFC-rPPG,0,0,-1
755,26,UBFC-rPPG,0,0,-1
756,27,UBFC-rPPG,0,0,-1
757,3,UBFC-rPPG,0,0,-1
758,30,UBFC-rPPG,0,0,-1
759,31,UBFC-rPPG,0,0,-1
760,32,UBFC-rPPG,0,0,-1
761,33,UBFC-rPPG,0,0,-1
762,34,UBFC-rPPG,0,0,-1
763,35,UBFC-rPPG,0,0,-1
764,36,UBFC-rPPG,0,0,-1
765,37,UBFC-rPPG,0,0,-1
766,38,UBFC-rPPG,0,0,-1
767,39,UBFC-rPPG,0,0,-1
768,4,UBFC-rPPG,0,0,-1
769,40,UBFC-rPPG,0,0,-1
770,41,UBFC-rPPG,0,0,-1
771,42,UBFC-rPPG,0,0,-1
772,43,UBFC-rPPG,0,0,-1
773,44,UBFC-rPPG,0,0,-1
774,45,UBFC-rPPG,0,0,-1
775,46,UBFC-rPPG,0,0,-1
776,47,UBFC-rPPG,0,0,-1
777,48,UBFC-rPPG,0,0,-1
778,49,UBFC-rPPG,0,0,-1
779,5,UBFC-rPPG,0,0,-1
780,8,UBFC-rPPG,0,0,-1
781,9,UBFC-rPPG,0,0,-1
782,1,UBFC-rPPG,0,0,-1
783,10,UBFC-rPPG,0,0,-1
784,11,UBFC-rPPG,0,0,-1
785,12,UBFC-rPPG,0,0,-1
786,13,UBFC-rPPG,0,0,-1
787,14,UBFC-rPPG,0,0,-1
788,15,UBFC-rPPG,0,0,-1
789,16,UBFC-rPPG,0,0,-1
790,17,UBFC-rPPG,0,0,-1
791,18,UBFC-rPPG,0,0,-1
792,20,UBFC-rPPG,0,0,-1
793,23,UBFC-rPPG,0,0,-1
794,24,UBFC-rPPG,0,0,-1
795,25,UBFC-rPPG,0,0,-1
796,26,UBFC-rPPG,0,0,-1
797,27,UBFC-rPPG,0,0,-1
798,3,UBFC-rPPG,0,0,-1
799,30,UBFC-rPPG,0,0,-1
800,31,UBFC-rPPG,0,0,-1
801,32,UBFC-rPPG,0,0,-1
802,33,UBFC-rPPG,0,0,-1
803,34,UBFC-rPPG,0,0,-1
804,35,UBFC-rPPG,0,0,-1
805,36,UBFC-rPPG,0,0,-1
806,37,UBFC-rPPG,0,0,-1
807,38,UBFC-rPPG,0,0,-1
808,39,UBFC-rPPG,0,0,-1
809,4,UBFC-rPPG,0,0,-1
810,40,UBFC-rPPG,0,0,-1
811,41,UBFC-rPPG,0,0,-1
812,42,UBFC-rPPG,0,0,-1
813,43,UBFC-rPPG,0,0,-1
814,44,UBFC-rPPG,0,0,-1
815,45,UBFC-rPPG,0,0,-1
816,46,UBFC-rPPG,0,0,-1
817,47,UBFC-rPPG,0,0,-1
818,48,UBFC-rPPG,0,0,-1
819,49,UBFC-rPPG,0,0,-1
820,5,UBFC-rPPG,0,0,-1
821,8,UBFC-rPPG,0,0,-1
822,9,UBFC-rPPG,0,0,-1
823,1,UBFC-rPPG,0,0,-1
824,10,UBFC-rPPG,0,0,-1
825,11,UBFC-rPPG,0,0,-1
826,12,UBFC-rPPG,0,0,-1
827,13,UBFC-rPPG,0,0,-1
828,14,UBFC-rPPG,0,0,-1
829,15,UBFC-rPPG,0,0,-1
830,16,UBFC-rPPG,0,0,-1
831,17,UBFC-rPPG,0,0,-1
832,18,UBFC-rPPG,0,0,-1
833,20,UBFC-rPPG,0,0,-1
834,23,UBFC-rPPG,0,0,-1
835,24,UBFC-rPPG,0,0,-1
836,25,UBFC-rPPG,0,0,-1
837,26,UBFC-rPPG,0,0,-1
838,27,UBFC-rPPG,0,0,-1
839,3,UBFC-rPPG,0,0,-1
840,30,UBFC-rPPG,0,0,-1
841,31,UBFC-rPPG,0,0,-1
842,32,UBFC-rPPG,0,0,-1
843,33,UBFC-rPPG,0,0,-1
844,34,UBFC-rPPG,0,0,-1
845,35,UBFC-rPPG,0,0,-1
846,36,UBFC-rPPG,0,0,-1
847,37,UBFC-rPPG,0,0,-1
848,38,UBFC-rPPG,0,0,-1
849,39,UBFC-rPPG,0,0,-1
850,4,UBFC-rPPG,0,0,-1
851,40,UBFC-rPPG,0,0,-1
852,41,UBFC-rPPG,0,0,-1
853,42,UBFC-rPPG,0,0,-1
854,43,UBFC-rPPG,0,0,-1
855,44,UBFC-rPPG,0,0,-1
856,45,UBFC-rPPG,0,0,-1
857,46,UBFC-rPPG,0,0,-1
858,47,UBFC-rPPG,0,0,-1
859,48,UBFC-rPPG,0,0,-1
860,49,UBFC-rPPG,0,0,-1
861,5,UBFC-rPPG,0,0,-1
862,8,UBFC-rPPG,0,0,-1
863,9,UBFC-rPPG,0,0,-1
864,1,UBFC-rPPG,0,0,-1
865,10,UBFC-rPPG,0,0,-1
866,11,UBFC-rPPG,0,0,-1
867,12,UBFC-rPPG,0,0,-1
868,13,UBFC-rPPG,0,0,-1
869,14,UBFC-rPPG,0,0,-1
870,15,UBFC-rPPG,0,0,-1
871,16,UBFC-rPPG,0,0,-1
872,17,UBFC-rPPG,0,0,-1
873,18,UBFC-rPPG,0,0,-1
874,20,UBFC-rPPG,0,0,-1
875,23,UBFC-rPPG,0,0,-1
876,24,UBFC-rPPG,0,0,-1
877,25,UBFC-rPPG,0,0,-1
878,26,UBFC-rPPG,0,0,-1
879,27,UBFC-rPPG,0,0,-1
880,3,UBFC-rPPG,0,0,-1
881,30,UBFC-rPPG,0,0,-1
882,31,UBFC-rPPG,0,0,-1
883,32,UBFC-rPPG,0,0,-1
884,33,UBFC-rPPG,0,0,-1
885,34,UBFC-rPPG,0,0,-1
886,35,UBFC-rPPG,0,0,-1
887,36,UBFC-rPPG,0,0,-1
888,37,UBFC-rPPG,0,0,-1
889,38,UBFC-rPPG,0,0,-1
890,39,UBFC-rPPG,0,0,-1
891,4,UBFC-rPPG,0,0,-1
892,40,UBFC-rPPG,0,0,-1
893,41,UBFC-rPPG,0,0,-1
894,42,UBFC-rPPG,0,0,-1
895,43,UBFC-rPPG,0,0,-1
896,44,UBFC-rPPG,0,0,-1
897,45,UBFC-rPPG,0,0,-1
898,46,UBFC-rPPG,0,0,-1
899,47,UBFC-rPPG,0,0,-1
900,48,UBFC-rPPG,0,0,-1
901,49,UBFC-rPPG,0,0,-1
902,5,UBFC-rPPG,0,0,-1
903,8,UBFC-rPPG,0,0,-1
904,9,UBFC-rPPG,0,0,-1
905,1,UBFC-rPPG,0,0,-1
906,10,UBFC-rPPG,0,0,-1
907,11,UBFC-rPPG,0,0,-1
908,12,UBFC-rPPG,0,0,-1
909,13,UBFC-rPPG,0,0,-1
910,14,UBFC-rPPG,0,0,-1
911,15,UBFC-rPPG,0,0,-1
912,16,UBFC-rPPG,0,0,-1
913,17,UBFC-rPPG,0,0,-1
914,18,UBFC-rPPG,0,0,-1
915,20,UBFC-rPPG,0,0,-1
916,23,UBFC-rPPG,0,0,-1
917,24,UBFC-rPPG,0,0,-1
918,25,UBFC-rPPG,0,0,-1
919,26,UBFC-rPPG,0,0,-1
920,27,UBFC-rPPG,0,0,-1
921,3,UBFC-rPPG,0,0,-1
922,30,UBFC-rPPG,0,0,-1
923,31,UBFC-rPPG,0,0,-1
924,32,UBFC-rPPG,0,0,-1
925,33,UBFC-rPPG,0,0,-1
926,34,UBFC-rPPG,0,0,-1
927,35,UBFC-rPPG,0,0,-1
928,36,UBFC-rPPG,0,0,-1
929,37,UBFC-rPPG,0,0,-1
930,38,UBFC-rPPG,0,0,-1
931,39,UBFC-rPPG,0,0,-1
932,4,UBFC-rPPG,0,0,-1
933,40,UBFC-rPPG,0,0,-1
934,41,UBFC-rPPG,0,0,-1
935,42,UBFC-rPPG,0,0,-1
936,43,UBFC-rPPG,0,0,-1
937,44,UBFC-rPPG,0,0,-1
938,45,UBFC-rPPG,0,0,-1
939,46,UBFC-rPPG,0,0,-1
940,47,UBFC-rPPG,0,0,-1
941,48,UBFC-rPPG,0,0,-1
942,49,UBFC-rPPG,0,0,-1
943,5,UBFC-rPPG,0,0,-1
944,8,UBFC-rPPG,0,0,-1
945,9,UBFC-rPPG,0,0,-1
946,1,UBFC-rPPG,0,0,-1
947,10,UBFC-rPPG,0,0,-1
948,11,UBFC-rPPG,0,0,-1
949,12,UBFC-rPPG,0,0,-1
950,13,UBFC-rPPG,0,0,-1
951,14,UBFC-rPPG,0,0,-1
952,15,UBFC-rPPG,0,0,-1
953,16,UBFC-rPPG,0,0,-1
954,17,UBFC-rPPG,0,0,-1
955,18,UBFC-rPPG,0,0,-1
956,20,UBFC-rPPG,0,0,-1
957,23,UBFC-rPPG,0,0,-1
958,24,UBFC-rPPG,0,0,-1
959,25,UBFC-rPPG,0,0,-1
960,26,UBFC-rPPG,0,0,-1
961,27,UBFC-rPPG,0,0,-1
962,3,UBFC-rPPG,0,0,-1
963,30,UBFC-rPPG,0,0,-1
964,31,UBFC-rPPG,0,0,-1
965,32,UBFC-rPPG,0,0,-1
966,33,UBFC-rPPG,0,0,-1
967,34,UBFC-rPPG,0,0,-1
968,35,UBFC-rPPG,0,0,-1
969,36,UBFC-rPPG,0,0,-1
970,37,UBFC-rPPG,0,0,-1
971,38,UBFC-rPPG,0,0,-1
972,39,UBFC-rPPG,0,0,-1
973,4,UBFC-rPPG,0,0,-1
974,40,UBFC-rPPG,0,0,-1
975,41,UBFC-rPPG,0,0,-1
976,42,UBFC-rPPG,0,0,-1
977,43,UBFC-rPPG,0,0,-1
978,44,UBFC-rPPG,0,0,-1
979,45,UBFC-rPPG,0,0,-1
980,46,UBFC-rPPG,0,0,-1
981,47,UBFC-rPPG,0,0,-1
982,48,UBFC-rPPG,0,0,-1
983,49,UBFC-rPPG,0,0,-1
984,5,UBFC-rPPG,0,0,-1
985,8,UBFC-rPPG,0,0,-1
986,9,UBFC-rPPG,0,0,-1
987,11,UBFC-PHYS,1,109,T2
988,13,UBFC-PHYS,99,125,T1
989,13,UBFC-PHYS,99,195,T2
990,14,UBFC-PHYS,102,255,T1
991,14,UBFC-PHYS,102,429,T2
992,15,UBFC-PHYS,102,607,T1
993,15,UBFC-PHYS,102,633,T2
994,16,UBFC-PHYS,102,726,T1
995,16,UBFC-PHYS,102,844,T2
996,17,UBFC-PHYS,102,935,T1
997,17,UBFC-PHYS,102,938,T2
998,18,UBFC-PHYS,111,951,T1
999,18,UBFC-PHYS,111,965,T2
1000,19,UBFC-PHYS,111,989,T1
1001,19,UBFC-PHYS,111,990,T2
1002,2,UBFC-PHYS,134,1023,T1
1003,2,UBFC-PHYS,134,1031,T2
1004,20,UBFC-PHYS,134,1033,T1
1005,20,UBFC-PHYS,134,1063,T2
1006,1,UBFC-rPPG,0,0,-1
1007,10,UBFC-rPPG,0,0,-1
1008,11,UBFC-rPPG,0,0,-1
1009,12,UBFC-rPPG,0,0,-1
1010,13,UBFC-rPPG,0,0,-1
1011,14,UBFC-rPPG,0,0,-1
1012,15,UBFC-rPPG,0,0,-1
1013,16,UBFC-rPPG,0,0,-1
1014,17,UBFC-rPPG,0,0,-1
1015,18,UBFC-rPPG,0,0,-1
1016,20,UBFC-rPPG,0,0,-1
1017,23,UBFC-rPPG,0,0,-1
1018,24,UBFC-rPPG,0,0,-1
1019,25,UBFC-rPPG,0,0,-1
1020,26,UBFC-rPPG,0,0,-1
1021,27,UBFC-rPPG,0,0,-1
1022,3,UBFC-rPPG,0,0,-1
1023,30,UBFC-rPPG,0,0,-1
1024,31,UBFC-rPPG,0,0,-1
1025,32,UBFC-rPPG,0,0,-1
1026,33,UBFC-rPPG,0,0,-1
1027,34,UBFC-rPPG,0,0,-1
1028,35,UBFC-rPPG,0,0,-1
1029,36,UBFC-rPPG,0,0,-1
1030,21,UBFC-PHYS,134,1097,T1
1031,37,UBFC-rPPG,0,0,-1
1032,38,UBFC-rPPG,0,0,-1
1033,39,UBFC-rPPG,0,0,-1
1034,4,UBFC-rPPG,0,0,-1
1035,40,UBFC-rPPG,0,0,-1
1036,41,UBFC-rPPG,0,0,-1
1037,42,UBFC-rPPG,0,0,-1
1038,43,UBFC-rPPG,0,0,-1
1039,44,UBFC-rPPG,0,0,-1
1040,45,UBFC-rPPG,0,0,-1
1041,46,UBFC-rPPG,0,0,-1
1042,47,UBFC-rPPG,0,0,-1
1043,48,UBFC-rPPG,0,0,-1
1044,49,UBFC-rPPG,0,0,-1
1045,5,UBFC-rPPG,0,0,-1
1046,8,UBFC-rPPG,0,0,-1
1047,9,UBFC-rPPG,0,0,-1
1048,1,UBFC-rPPG,0,0,-1
1049,10,UBFC-rPPG,0,0,-1
1050,11,UBFC-rPPG,0,0,-1
1051,12,UBFC-rPPG,0,0,-1
1052,13,UBFC-rPPG,0,0,-1
1053,14,UBFC-rPPG,0,0,-1
1054,15,UBFC-rPPG,0,0,-1
1055,16,UBFC-rPPG,0,0,-1
1056,17,UBFC-rPPG,0,0,-1
1057,18,UBFC-rPPG,0,0,-1
1058,20,UBFC-rPPG,0,0,-1
1059,23,UBFC-rPPG,0,0,-1
1060,24,UBFC-rPPG,0,0,-1
1061,25,UBFC-rPPG,0,0,-1
1062,26,UBFC-rPPG,0,0,-1
1063,27,UBFC-rPPG,0,0,-1
1064,3,UBFC-rPPG,0,0,-1
1065,30,UBFC-rPPG,0,0,-1
1066,31,UBFC-rPPG,0,0,-1
1067,32,UBFC-rPPG,0,0,-1
1068,33,UBFC-rPPG,0,0,-1
1069,34,UBFC-rPPG,0,0,-1
1070,35,UBFC-rPPG,0,0,-1
1071,36,UBFC-rPPG,0,0,-1
1072,37,UBFC-rPPG,0,0,-1
1073,38,UBFC-rPPG,0,0,-1
1074,39,UBFC-rPPG,0,0,-1
1075,4,UBFC-rPPG,0,0,-1
1076,40,UBFC-rPPG,0,0,-1
1077,41,UBFC-rPPG,0,0,-1
1078,42,UBFC-rPPG,0,0,-1
1079,43,UBFC-rPPG,0,0,-1
1080,44,UBFC-rPPG,0,0,-1
1081,45,UBFC-rPPG,0,0,-1
1082,46,UBFC-rPPG,0,0,-1
1083,47,UBFC-rPPG,0,0,-1
1084,48,UBFC-rPPG,0,0,-1
1085,49,UBFC-rPPG,0,0,-1
1086,5,UBFC-rPPG,0,0,-1
1087,8,UBFC-rPPG,0,0,-1
1088,9,UBFC-rPPG,0,0,-1
1089,1,UBFC-rPPG,0,0,-1
1090,10,UBFC-rPPG,0,0,-1
1091,11,UBFC-rPPG,0,0,-1
1092,12,UBFC-rPPG,0,0,-1
1093,13,UBFC-rPPG,0,0,-1
1094,14,UBFC-rPPG,0,0,-1
1095,15,UBFC-rPPG,0,0,-1
1096,16,UBFC-rPPG,0,0,-1
1097,17,UBFC-rPPG,0,0,-1
1098,18,UBFC-rPPG,0,0,-1
1099,20,UBFC-rPPG,0,0,-1
1100,23,UBFC-rPPG,0,0,-1
1101,24,UBFC-rPPG,0,0,-1
1102,25,UBFC-rPPG,0,0,-1
1103,26,UBFC-rPPG,0,0,-1
1104,27,UBFC-rPPG,0,0,-1
1105,3,UBFC-rPPG,0,0,-1
1106,30,UBFC-rPPG,0,0,-1
1107,31,UBFC-rPPG,0,0,-1
1108,32,UBFC-rPPG,0,0,-1
1109,33,UBFC-rPPG,0,0,-1
1110,34,UBFC-rPPG,0,0,-1
1111,35,UBFC-rPPG,0,0,-1
1112,36,UBFC-rPPG,0,0,-1
1113,37,UBFC-rPPG,0,0,-1
1114,38,UBFC-rPPG,0,0,-1
1115,39,UBFC-rPPG,0,0,-1
1116,4,UBFC-rPPG,0,0,-1
1117,40,UBFC-rPPG,0,0,-1
1118,41,UBFC-rPPG,0,0,-1
1119,42,UBFC-rPPG,0,0,-1
1120,43,UBFC-rPPG,0,0,-1
1121,44,UBFC-rPPG,0,0,-1
1122,45,UBFC-rPPG,0,0,-1
1123,46,UBFC-rPPG,0,0,-1
1124,47,UBFC-rPPG,0,0,-1
1125,48,UBFC-rPPG,0,0,-1
1126,49,UBFC-rPPG,0,0,-1
1127,5,UBFC-rPPG,0,0,-1
1128,8,UBFC-rPPG,0,0,-1
1129,9,UBFC-rPPG,0,0,-1
1130,1,UBFC-rPPG,0,0,-1
1131,10,UBFC-rPPG,0,0,-1
1132,11,UBFC-rPPG,0,0,-1
1133,12,UBFC-rPPG,0,0,-1
1134,13,UBFC-rPPG,0,0,-1
1135,14,UBFC-rPPG,0,0,-1
1136,15,UBFC-rPPG,0,0,-1
1137,16,UBFC-rPPG,0,0,-1
1138,17,UBFC-rPPG,0,0,-1
1139,18,UBFC-rPPG,0,0,-1
1140,20,UBFC-rPPG,0,0,-1
1141,23,UBFC-rPPG,0,0,-1
1142,24,UBFC-rPPG,0,0,-1
1143,25,UBFC-rPPG,0,0,-1
1144,26,UBFC-rPPG,0,0,-1
1145,27,UBFC-rPPG,0,0,-1
1146,3,UBFC-rPPG,0,0,-1
1147,30,UBFC-rPPG,0,0,-1
1148,31,UBFC-rPPG,0,0,-1
1149,32,UBFC-rPPG,0,0,-1
1150,33,UBFC-rPPG,0,0,-1
1151,34,UBFC-rPPG,0,0,-1
1152,35,UBFC-rPPG,0,0,-1
1153,36,UBFC-rPPG,0,0,-1
1154,37,UBFC-rPPG,0,0,-1
1155,38,UBFC-rPPG,0,0,-1
1156,39,UBFC-rPPG,0,0,-1
1157,4,UBFC-rPPG,0,0,-1
1158,40,UBFC-rPPG,0,0,-1
1159,41,UBFC-rPPG,0,0,-1
1160,42,UBFC-rPPG,0,0,-1
1161,43,UBFC-rPPG,0,0,-1
1162,44,UBFC-rPPG,0,0,-1
1163,45,UBFC-rPPG,0,0,-1
1164,46,UBFC-rPPG,0,0,-1
1165,47,UBFC-rPPG,0,0,-1
1166,48,UBFC-rPPG,0,0,-1
1167,49,UBFC-rPPG,0,0,-1
1168,5,UBFC-rPPG,0,0,-1
1169,8,UBFC-rPPG,0,0,-1
1170,9,UBFC-rPPG,0,0,-1
1171,1,UBFC-rPPG,0,0,-1
1172,10,UBFC-rPPG,0,0,-1
1173,11,UBFC-rPPG,0,0,-1
1174,1,UBFC-rPPG,0,0,-1
1175,10,UBFC-rPPG,0,0,-1
1176,11,UBFC-rPPG,0,0,-1
1177,12,UBFC-rPPG,0,0,-1
1178,13,UBFC-rPPG,0,0,-1
1179,14,UBFC-rPPG,0,0,-1
1180,15,UBFC-rPPG,0,0,-1
1181,16,UBFC-rPPG,0,0,-1
1182,17,UBFC-rPPG,0,0,-1
1183,18,UBFC-rPPG,0,0,-1
1184,20,UBFC-rPPG,0,0,-1
1185,23,UBFC-rPPG,0,0,-1
1186,24,UBFC-rPPG,0,0,-1
1187,25,UBFC-rPPG,0,0,-1
1188,26,UBFC-rPPG,0,0,-1
1189,27,UBFC-rPPG,0,0,-1
1190,3,UBFC-rPPG,0,0,-1
1191,30,UBFC-rPPG,0,0,-1
1192,31,UBFC-rPPG,0,0,-1
1193,32,UBFC-rPPG,0,0,-1
1194,33,UBFC-rPPG,0,0,-1
1195,34,UBFC-rPPG,0,0,-1
1196,35,UBFC-rPPG,0,0,-1
1197,36,UBFC-rPPG,0,0,-1
1198,37,UBFC-rPPG,0,0,-1
1199,38,UBFC-rPPG,0,0,-1
1200,39,UBFC-rPPG,0,0,-1
1201,4,UBFC-rPPG,0,0,-1
1202,40,UBFC-rPPG,0,0,-1
1203,41,UBFC-rPPG,0,0,-1
1204,42,UBFC-rPPG,0,0,-1
1205,43,UBFC-rPPG,0,0,-1
1206,44,UBFC-rPPG,0,0,-1
1207,45,UBFC-rPPG,0,0,-1
1208,46,UBFC-rPPG,0,0,-1
1209,47,UBFC-rPPG,0,0,-1
1210,48,UBFC-rPPG,0,0,-1
1211,49,UBFC-rPPG,0,0,-1
1212,5,UBFC-rPPG,0,0,-1
1213,8,UBFC-rPPG,0,0,-1
1214,9,UBFC-rPPG,0,0,-1
1215,4,UBFC-rPPG,0,0,-1
1216,5,UBFC-rPPG,0,0,-1
1217,1,UBFC-rPPG,0,0,-1
1218,8,UBFC-rPPG,0,0,-1
1219,1,UBFC-rPPG,0,0,-1
1220,10,UBFC-rPPG,0,0,-1
1221,11,UBFC-rPPG,0,0,-1
1222,12,UBFC-rPPG,0,0,-1
1223,13,UBFC-rPPG,0,0,-1
1224,14,UBFC-rPPG,0,0,-1
1225,15,UBFC-rPPG,0,0,-1
1226,16,UBFC-rPPG,0,0,-1
1227,17,UBFC-rPPG,0,0,-1
1228,18,UBFC-rPPG,0,0,-1
1229,20,UBFC-rPPG,0,0,-1
1230,23,UBFC-rPPG,0,0,-1
1231,24,UBFC-rPPG,0,0,-1
1232,25,UBFC-rPPG,0,0,-1
1233,26,UBFC-rPPG,0,0,-1
1234,27,UBFC-rPPG,0,0,-1
1235,3,UBFC-rPPG,0,0,-1
1236,30,UBFC-rPPG,0,0,-1
1237,31,UBFC-rPPG,0,0,-1
1238,32,UBFC-rPPG,0,0,-1
1239,33,UBFC-rPPG,0,0,-1
1240,34,UBFC-rPPG,0,0,-1
1241,35,UBFC-rPPG,0,0,-1
1242,36,UBFC-rPPG,0,0,-1
1243,37,UBFC-rPPG,0,0,-1
1244,38,UBFC-rPPG,0,0,-1
1245,39,UBFC-rPPG,0,0,-1
1246,4,UBFC-rPPG,0,0,-1
1247,40,UBFC-rPPG,0,0,-1
1248,41,UBFC-rPPG,0,0,-1
1249,42,UBFC-rPPG,0,0,-1
1250,43,UBFC-rPPG,0,0,-1
1251,44,UBFC-rPPG,0,0,-1
1252,45,UBFC-rPPG,0,0,-1
1253,46,UBFC-rPPG,0,0,-1
1254,47,UBFC-rPPG,0,0,-1
1255,48,UBFC-rPPG,0,0,-1
1256,49,UBFC-rPPG,0,0,-1
1257,5,UBFC-rPPG,0,0,-1
1258,8,UBFC-rPPG,0,0,-1
1259,9,UBFC-rPPG,0,0,-1
1260,1,UBFC-rPPG,0,0,-1
1261,10,UBFC-rPPG,0,0,-1
1262,11,UBFC-rPPG,0,0,-1
1263,12,UBFC-rPPG,0,0,-1
1264,13,UBFC-rPPG,0,0,-1
1265,14,UBFC-rPPG,0,0,-1
1266,15,UBFC-rPPG,0,0,-1
1267,16,UBFC-rPPG,0,0,-1
1268,17,UBFC-rPPG,0,0,-1
1269,18,UBFC-rPPG,0,0,-1
1270,20,UBFC-rPPG,0,0,-1
1271,23,UBFC-rPPG,0,0,-1
1272,24,UBFC-rPPG,0,0,-1
1273,25,UBFC-rPPG,0,0,-1
1274,26,UBFC-rPPG,0,0,-1
1275,27,UBFC-rPPG,0,0,-1
1276,3,UBFC-rPPG,0,0,-1
1277,30,UBFC-rPPG,0,0,-1
1278,31,UBFC-rPPG,0,0,-1
1279,32,UBFC-rPPG,0,0,-1
1280,33,UBFC-rPPG,0,0,-1
1281,34,UBFC-rPPG,0,0,-1
1282,35,UBFC-rPPG,0,0,-1
1283,36,UBFC-rPPG,0,0,-1
1284,37,UBFC-rPPG,0,0,-1
1285,38,UBFC-rPPG,0,0,-1
1286,39,UBFC-rPPG,0,0,-1
1287,4,UBFC-rPPG,0,0,-1
1288,40,UBFC-rPPG,0,0,-1
1289,41,UBFC-rPPG,0,0,-1
1290,42,UBFC-rPPG,0,0,-1
1291,43,UBFC-rPPG,0,0,-1
1292,44,UBFC-rPPG,0,0,-1
1293,45,UBFC-rPPG,0,0,-1
1294,46,UBFC-rPPG,0,0,-1
1295,47,UBFC-rPPG,0,0,-1
1296,48,UBFC-rPPG,0,0,-1
1297,49,UBFC-rPPG,0,0,-1
1298,5,UBFC-rPPG,0,0,-1
1299,8,UBFC-rPPG,0,0,-1
1300,9,UBFC-rPPG,0,0,-1
1301,1,UBFC-rPPG,0,0,-1
1302,10,UBFC-rPPG,0,0,-1
1303,11,UBFC-rPPG,0,0,-1
1304,12,UBFC-rPPG,0,0,-1
1305,13,UBFC-rPPG,0,0,-1
1306,14,UBFC-rPPG,0,0,-1
1307,15,UBFC-rPPG,0,0,-1
1308,16,UBFC-rPPG,0,0,-1
1309,17,UBFC-rPPG,0,0,-1
1310,18,UBFC-rPPG,0,0,-1
1311,20,UBFC-rPPG,0,0,-1
1312,23,UBFC-rPPG,0,0,-1
1313,24,UBFC-rPPG,0,0,-1
1314,25,UBFC-rPPG,0,0,-1
1315,26,UBFC-rPPG,0,0,-1
1316,27,UBFC-rPPG,0,0,-1
1317,3,UBFC-rPPG,0,0,-1
1318,30,UBFC-rPPG,0,0,-1
1319,31,UBFC-rPPG,0,0,-1
1320,32,UBFC-rPPG,0,0,-1
1321,33,UBFC-rPPG,0,0,-1
1322,34,UBFC-rPPG,0,0,-1
1323,35,UBFC-rPPG,0,0,-1
1324,36,UBFC-rPPG,0,0,-1
1325,37,UBFC-rPPG,0,0,-1
1326,38,UBFC-rPPG,0,0,-1
1327,39,UBFC-rPPG,0,0,-1
1328,4,UBFC-rPPG,0,0,-1
1329,40,UBFC-rPPG,0,0,-1
1330,41,UBFC-rPPG,0,0,-1
1331,42,UBFC-rPPG,0,0,-1
1332,43,UBFC-rPPG,0,0,-1
1333,44,UBFC-rPPG,0,0,-1
1334,45,UBFC-rPPG,0,0,-1
1335,46,UBFC-rPPG,0,0,-1
1336,47,UBFC-rPPG,0,0,-1
1337,48,UBFC-rPPG,0,0,-1
1338,49,UBFC-rPPG,0,0,-1
1339,5,UBFC-rPPG,0,0,-1
1340,8,UBFC-rPPG,0,0,-1
1341,9,UBFC-rPPG,0,0,-1
1342,1,UBFC-rPPG,0,0,-1
1343,10,UBFC-rPPG,0,0,-1
1344,11,UBFC-rPPG,0,0,-1
1345,12,UBFC-rPPG,0,0,-1
1346,13,UBFC-rPPG,0,0,-1
1347,14,UBFC-rPPG,0,0,-1
1348,15,UBFC-rPPG,0,0,-1
1349,16,UBFC-rPPG,0,0,-1
1350,17,UBFC-rPPG,0,0,-1
1351,18,UBFC-rPPG,0,0,-1
1352,20,UBFC-rPPG,0,0,-1
1353,23,UBFC-rPPG,0,0,-1
1354,24,UBFC-rPPG,0,0,-1
1355,25,UBFC-rPPG,0,0,-1
1356,26,UBFC-rPPG,0,0,-1
1357,27,UBFC-rPPG,0,0,-1
1358,3,UBFC-rPPG,0,0,-1
1359,30,UBFC-rPPG,0,0,-1
1360,31,UBFC-rPPG,0,0,-1
1361,32,UBFC-rPPG,0,0,-1
1362,33,UBFC-rPPG,0,0,-1
1363,34,UBFC-rPPG,0,0,-1
1364,35,UBFC-rPPG,0,0,-1
1365,36,UBFC-rPPG,0,0,-1
1366,37,UBFC-rPPG,0,0,-1
1367,38,UBFC-rPPG,0,0,-1
1368,39,UBFC-rPPG,0,0,-1
1369,4,UBFC-rPPG,0,0,-1
1370,40,UBFC-rPPG,0,0,-1
1371,41,UBFC-rPPG,0,0,-1
1372,42,UBFC-rPPG,0,0,-1
1373,43,UBFC-rPPG,0,0,-1
1374,44,UBFC-rPPG,0,0,-1
1375,45,UBFC-rPPG,0,0,-1
1376,46,UBFC-rPPG,0,0,-1
1377,47,UBFC-rPPG,0,0,-1
1378,48,UBFC-rPPG,0,0,-1
1379,49,UBFC-rPPG,0,0,-1
1380,5,UBFC-rPPG,0,0,-1
1381,8,UBFC-rPPG,0,0,-1
1382,9,UBFC-rPPG,0,0,-1
1383,1,UBFC-rPPG,0,0,-1
1384,10,UBFC-rPPG,0,0,-1
1385,11,UBFC-rPPG,0,0,-1
1386,12,UBFC-rPPG,0,0,-1
1387,13,UBFC-rPPG,0,0,-1
1388,14,UBFC-rPPG,0,0,-1
1389,15,UBFC-rPPG,0,0,-1
1390,16,UBFC-rPPG,0,0,-1
1391,17,UBFC-rPPG,0,0,-1
1392,18,UBFC-rPPG,0,0,-1
1393,20,UBFC-rPPG,0,0,-1
1394,23,UBFC-rPPG,0,0,-1
1395,24,UBFC-rPPG,0,0,-1
1396,25,UBFC-rPPG,0,0,-1
1397,26,UBFC-rPPG,0,0,-1
1398,27,UBFC-rPPG,0,0,-1
1399,3,UBFC-rPPG,0,0,-1
1400,30,UBFC-rPPG,0,0,-1
1401,31,UBFC-rPPG,0,0,-1
1402,32,UBFC-rPPG,0,0,-1
1403,33,UBFC-rPPG,0,0,-1
1404,34,UBFC-rPPG,0,0,-1
1405,35,UBFC-rPPG,0,0,-1
1406,36,UBFC-rPPG,0,0,-1
1407,37,UBFC-rPPG,0,0,-1
1408,38,UBFC-rPPG,0,0,-1
1409,39,UBFC-rPPG,0,0,-1
1410,4,UBFC-rPPG,0,0,-1
1411,40,UBFC-rPPG,0,0,-1
1412,41,UBFC-rPPG,0,0,-1
1413,42,UBFC-rPPG,0,0,-1
1414,43,UBFC-rPPG,0,0,-1
1415,44,UBFC-rPPG,0,0,-1
1416,45,UBFC-rPPG,0,0,-1
1417,46,UBFC-rPPG,0,0,-1
1418,47,UBFC-rPPG,0,0,-1
1419,48,UBFC-rPPG,0,0,-1
1420,49,UBFC-rPPG,0,0,-1
1421,5,UBFC-rPPG,0,0,-1
1422,8,UBFC-rPPG,0,0,-1
1423,9,UBFC-rPPG,0,0,-1
1424,1,UBFC-rPPG,0,0,-1
1425,10,UBFC-rPPG,0,0,-1
1426,11,UBFC-rPPG,0,0,-1
1427,12,UBFC-rPPG,0,0,-1
1428,13,UBFC-rPPG,0,0,-1
1429,14,UBFC-rPPG,0,0,-1
1430,15,UBFC-rPPG,0,0,-1
1431,16,UBFC-rPPG,0,0,-1
1432,17,UBFC-rPPG,0,0,-1
1433,18,UBFC-rPPG,0,0,-1
1434,20,UBFC-rPPG,0,0,-1
1435,23,UBFC-rPPG,0,0,-1
1436,24,UBFC-rPPG,0,0,-1
1437,25,UBFC-rPPG,0,0,-1
1438,26,UBFC-rPPG,0,0,-1
1439,27,UBFC-rPPG,0,0,-1
1440,3,UBFC-rPPG,0,0,-1
1441,30,UBFC-rPPG,0,0,-1
1442,31,UBFC-rPPG,0,0,-1
1443,32,UBFC-rPPG,0,0,-1
1444,33,UBFC-rPPG,0,0,-1
1445,34,UBFC-rPPG,0,0,-1
1446,35,UBFC-rPPG,0,0,-1
1447,36,UBFC-rPPG,0,0,-1
1448,37,UBFC-rPPG,0,0,-1
1449,38,UBFC-rPPG,0,0,-1
1450,39,UBFC-rPPG,0,0,-1
1451,4,UBFC-rPPG,0,0,-1
1452,40,UBFC-rPPG,0,0,-1
1453,41,UBFC-rPPG,0,0,-1
1454,42,UBFC-rPPG,0,0,-1
1455,43,UBFC-rPPG,0,0,-1
1456,44,UBFC-rPPG,0,0,-1
1457,45,UBFC-rPPG,0,0,-1
1458,46,UBFC-rPPG,0,0,-1
1459,47,UBFC-rPPG,0,0,-1
1460,48,UBFC-rPPG,0,0,-1
1461,49,UBFC-rPPG,0,0,-1
1462,5,UBFC-rPPG,0,0,-1
1463,8,UBFC-rPPG,0,0,-1
1464,9,UBFC-rPPG,0,0,-1
1465,1,UBFC-rPPG,0,0,-1
1466,10,UBFC-rPPG,0,0,-1
1467,11,UBFC-rPPG,0,0,-1
1468,12,UBFC-rPPG,0,0,-1
1469,13,UBFC-rPPG,0,0,-1
1470,14,UBFC-rPPG,0,0,-1
1471,15,UBFC-rPPG,0,0,-1
1472,16,UBFC-rPPG,0,0,-1
1473,17,UBFC-rPPG,0,0,-1
1474,18,UBFC-rPPG,0,0,-1
1475,20,UBFC-rPPG,0,0,-1
1476,23,UBFC-rPPG,0,0,-1
1477,24,UBFC-rPPG,0,0,-1
1478,25,UBFC-rPPG,0,0,-1
1479,26,UBFC-rPPG,0,0,-1
1480,27,UBFC-rPPG,0,0,-1
1481,3,UBFC-rPPG,0,0,-1
1482,30,UBFC-rPPG,0,0,-1
1483,31,UBFC-rPPG,0,0,-1
1484,32,UBFC-rPPG,0,0,-1
1485,33,UBFC-rPPG,0,0,-1
1486,34,UBFC-rPPG,0,0,-1
1487,35,UBFC-rPPG,0,0,-1
1488,36,UBFC-rPPG,0,0,-1
1489,37,UBFC-rPPG,0,0,-1
1490,38,UBFC-rPPG,0,0,-1
1491,39,UBFC-rPPG,0,0,-1
1492,4,UBFC-rPPG,0,0,-1
1493,40,UBFC-rPPG,0,0,-1
1494,41,UBFC-rPPG,0,0,-1
1495,42,UBFC-rPPG,0,0,-1
1496,43,UBFC-rPPG,0,0,-1
1497,44,UBFC-rPPG,0,0,-1
1498,45,UBFC-rPPG,0,0,-1
1499,46,UBFC-rPPG,0,0,-1
1500,47,UBFC-rPPG,0,0,-1
1501,48,UBFC-rPPG,0,0,-1
1502,49,UBFC-rPPG,0,0,-1
1503,5,UBFC-rPPG,0,0,-1
1504,8,UBFC-rPPG,0,0,-1
1505,9,UBFC-rPPG,0,0,-1
1506,1,UBFC-rPPG,0,0,-1
1507,10,UBFC-rPPG,0,0,-1
1508,11,UBFC-rPPG,0,0,-1
1509,12,UBFC-rPPG,0,0,-1
1510,13,UBFC-rPPG,0,0,-1
1511,14,UBFC-rPPG,0,0,-1
1512,15,UBFC-rPPG,0,0,-1
1513,16,UBFC-rPPG,0,0,-1
1514,17,UBFC-rPPG,0,0,-1
1515,18,UBFC-rPPG,0,0,-1
1516,20,UBFC-rPPG,0,0,-1
1517,23,UBFC-rPPG,0,0,-1
1518,24,UBFC-rPPG,0,0,-1
1519,25,UBFC-rPPG,0,0,-1
1520,26,UBFC-rPPG,0,0,-1
1521,27,UBFC-rPPG,0,0,-1
1522,3,UBFC-rPPG,0,0,-1
1523,30,UBFC-rPPG,0,0,-1
1524,31,UBFC-rPPG,0,0,-1
1525,32,UBFC-rPPG,0,0,-1
1526,33,UBFC-rPPG,0,0,-1
1527,34,UBFC-rPPG,0,0,-1
1528,35,UBFC-rPPG,0,0,-1
1529,36,UBFC-rPPG,0,0,-1
1530,37,UBFC-rPPG,0,0,-1
1531,38,UBFC-rPPG,0,0,-1
1532,39,UBFC-rPPG,0,0,-1
1533,4,UBFC-rPPG,0,0,-1
1534,40,UBFC-rPPG,0,0,-1
1535,41,UBFC-rPPG,0,0,-1
1536,42,UBFC-rPPG,0,0,-1
1537,43,UBFC-rPPG,0,0,-1
1538,44,UBFC-rPPG,0,0,-1
1539,45,UBFC-rPPG,0,0,-1
1540,46,UBFC-rPPG,0,0,-1
1541,47,UBFC-rPPG,0,0,-1
1542,48,UBFC-rPPG,0,0,-1
1543,49,UBFC-rPPG,0,0,-1
1544,5,UBFC-rPPG,0,0,-1
1545,8,UBFC-rPPG,0,0,-1
1546,9,UBFC-rPPG,0,0,-1
1547,1,UBFC-rPPG,0,0,-1
1548,10,UBFC-rPPG,0,0,-1
1549,11,UBFC-rPPG,0,0,-1
1550,12,UBFC-rPPG,0,0,-1
1551,13,UBFC-rPPG,0,0,-1
1552,14,UBFC-rPPG,0,0,-1
1553,15,UBFC-rPPG,0,0,-1
1554,16,UBFC-rPPG,0,0,-1
1555,17,UBFC-rPPG,0,0,-1
1556,18,UBFC-rPPG,0,0,-1
1557,20,UBFC-rPPG,0,0,-1
1558,23,UBFC-rPPG,0,0,-1
1559,24,UBFC-rPPG,0,0,-1
1560,25,UBFC-rPPG,0,0,-1
1561,26,UBFC-rPPG,0,0,-1
1562,27,UBFC-rPPG,0,0,-1
1563,3,UBFC-rPPG,0,0,-1
1564,30,UBFC-rPPG,0,0,-1
1565,31,UBFC-rPPG,0,0,-1
1566,32,UBFC-rPPG,0,0,-1
1567,33,UBFC-rPPG,0,0,-1
1568,34,UBFC-rPPG,0,0,-1
1569,35,UBFC-rPPG,0,0,-1
1570,36,UBFC-rPPG,0,0,-1
1571,37,UBFC-rPPG,0,0,-1
1572,38,UBFC-rPPG,0,0,-1
1573,39,UBFC-rPPG,0,0,-1
1574,4,UBFC-rPPG,0,0,-1
1575,40,UBFC-rPPG,0,0,-1
1576,41,UBFC-rPPG,0,0,-1
1577,42,UBFC-rPPG,0,0,-1
1578,43,UBFC-rPPG,0,0,-1
1579,44,UBFC-rPPG,0,0,-1
1580,45,UBFC-rPPG,0,0,-1
1581,46,UBFC-rPPG,0,0,-1
1582,47,UBFC-rPPG,0,0,-1
1583,48,UBFC-rPPG,0,0,-1
1584,49,UBFC-rPPG,0,0,-1
1585,5,UBFC-rPPG,0,0,-1
1586,8,UBFC-rPPG,0,0,-1
1587,9,UBFC-rPPG,0,0,-1
1588,1,UBFC-rPPG,0,0,-1
1589,10,UBFC-rPPG,0,0,-1
1590,11,UBFC-rPPG,0,0,-1
1591,12,UBFC-rPPG,0,0,-1
1592,13,UBFC-rPPG,0,0,-1
1593,14,UBFC-rPPG,0,0,-1
1594,15,UBFC-rPPG,0,0,-1
1595,16,UBFC-rPPG,0,0,-1
1596,17,UBFC-rPPG,0,0,-1
1597,18,UBFC-rPPG,0,0,-1
1598,20,UBFC-rPPG,0,0,-1
1599,23,UBFC-rPPG,0,0,-1
1600,24,UBFC-rPPG,0,0,-1
1601,25,UBFC-rPPG,0,0,-1
1602,26,UBFC-rPPG,0,0,-1
1603,27,UBFC-rPPG,0,0,-1
1604,3,UBFC-rPPG,0,0,-1
1605,30,UBFC-rPPG,0,0,-1
1606,31,UBFC-rPPG,0,0,-1
1607,32,UBFC-rPPG,0,0,-1
1608,33,UBFC-rPPG,0,0,-1
1609,34,UBFC-rPPG,0,0,-1
1610,35,UBFC-rPPG,0,0,-1
1611,36,UBFC-rPPG,0,0,-1
1612,37,UBFC-rPPG,0,0,-1
1613,38,UBFC-rPPG,0,0,-1
1614,39,UBFC-rPPG,0,0,-1
1615,4,UBFC-rPPG,0,0,-1
1616,40,UBFC-rPPG,0,0,-1
1617,41,UBFC-rPPG,0,0,-1
1618,42,UBFC-rPPG,0,0,-1
1619,43,UBFC-rPPG,0,0,-1
1620,44,UBFC-rPPG,0,0,-1
1621,45,UBFC-rPPG,0,0,-1
1622,46,UBFC-rPPG,0,0,-1
1623,47,UBFC-rPPG,0,0,-1
1624,48,UBFC-rPPG,0,0,-1
1625,49,UBFC-rPPG,0,0,-1
1626,5,UBFC-rPPG,0,0,-1
1627,8,UBFC-rPPG,0,0,-1
1628,9,UBFC-rPPG,0,0,-1
1629,1,UBFC-rPPG,0,0,-1
1630,10,UBFC-rPPG,0,0,-1
1631,11,UBFC-rPPG,0,0,-1
1632,12,UBFC-rPPG,0,0,-1
1633,13,UBFC-rPPG,0,0,-1
1634,14,UBFC-rPPG,0,0,-1
1635,15,UBFC-rPPG,0,0,-1
1636,16,UBFC-rPPG,0,0,-1
1637,17,UBFC-rPPG,0,0,-1
1638,18,UBFC-rPPG,0,0,-1
1639,20,UBFC-rPPG,0,0,-1
1640,23,UBFC-rPPG,0,0,-1
1641,24,UBFC-rPPG,0,0,-1
1642,25,UBFC-rPPG,0,0,-1
1643,26,UBFC-rPPG,0,0,-1
1644,27,UBFC-rPPG,0,0,-1
1645,3,UBFC-rPPG,0,0,-1
1646,30,UBFC-rPPG,0,0,-1
1647,31,UBFC-rPPG,0,0,-1
1648,32,UBFC-rPPG,0,0,-1
1649,33,UBFC-rPPG,0,0,-1
1650,34,UBFC-rPPG,0,0,-1
1651,35,UBFC-rPPG,0,0,-1
1652,36,UBFC-rPPG,0,0,-1
1653,37,UBFC-rPPG,0,0,-1
1654,38,UBFC-rPPG,0,0,-1
1655,39,UBFC-rPPG,0,0,-1
1656,4,UBFC-rPPG,0,0,-1
1657,40,UBFC-rPPG,0,0,-1
1658,41,UBFC-rPPG,0,0,-1
1659,42,UBFC-rPPG,0,0,-1
1660,43,UBFC-rPPG,0,0,-1
1661,44,UBFC-rPPG,0,0,-1
1662,45,UBFC-rPPG,0,0,-1
1663,46,UBFC-rPPG,0,0,-1
1664,47,UBFC-rPPG,0,0,-1
1665,48,UBFC-rPPG,0,0,-1
1666,49,UBFC-rPPG,0,0,-1
1667,5,UBFC-rPPG,0,0,-1
1668,8,UBFC-rPPG,0,0,-1
1669,9,UBFC-rPPG,0,0,-1
1670,1,UBFC-rPPG,0,0,-1
1671,10,UBFC-rPPG,0,0,-1
1672,11,UBFC-rPPG,0,0,-1
1673,12,UBFC-rPPG,0,0,-1
1674,13,UBFC-rPPG,0,0,-1
1675,14,UBFC-rPPG,0,0,-1
1676,15,UBFC-rPPG,0,0,-1
1677,16,UBFC-rPPG,0,0,-1
1678,17,UBFC-rPPG,0,0,-1
1679,18,UBFC-rPPG,0,0,-1
1680,20,UBFC-rPPG,0,0,-1
1681,23,UBFC-rPPG,0,0,-1
1682,24,UBFC-rPPG,0,0,-1
1683,25,UBFC-rPPG,0,0,-1
1684,26,UBFC-rPPG,0,0,-1
1685,27,UBFC-rPPG,0,0,-1
1686,3,UBFC-rPPG,0,0,-1
1687,30,UBFC-rPPG,0,0,-1
1688,31,UBFC-rPPG,0,0,-1
1689,32,UBFC-rPPG,0,0,-1
1690,33,UBFC-rPPG,0,0,-1
1691,34,UBFC-rPPG,0,0,-1
1692,35,UBFC-rPPG,0,0,-1
1693,36,UBFC-rPPG,0,0,-1
1694,37,UBFC-rPPG,0,0,-1
1695,38,UBFC-rPPG,0,0,-1
1696,39,UBFC-rPPG,0,0,-1
1697,4,UBFC-rPPG,0,0,-1
1698,40,UBFC-rPPG,0,0,-1
1699,41,UBFC-rPPG,0,0,-1
1700,42,UBFC-rPPG,0,0,-1
1701,43,UBFC-rPPG,0,0,-1
1702,44,UBFC-rPPG,0,0,-1
1703,45,UBFC-rPPG,0,0,-1
1704,46,UBFC-rPPG,0,0,-1
1705,47,UBFC-rPPG,0,0,-1
1706,48,UBFC-rPPG,0,0,-1
1707,49,UBFC-rPPG,0,0,-1
1708,5,UBFC-rPPG,0,0,-1
1709,8,UBFC-rPPG,0,0,-1
1710,9,UBFC-rPPG,0,0,-1
1711,1,UBFC-rPPG,0,0,-1
1712,10,UBFC-rPPG,0,0,-1
1713,11,UBFC-rPPG,0,0,-1
1714,12,UBFC-rPPG,0,0,-1
1715,13,UBFC-rPPG,0,0,-1
1716,14,UBFC-rPPG,0,0,-1
1717,15,UBFC-rPPG,0,0,-1
1718,16,UBFC-rPPG,0,0,-1
1719,17,UBFC-rPPG,0,0,-1
1720,18,UBFC-rPPG,0,0,-1
1721,20,UBFC-rPPG,0,0,-1
1722,23,UBFC-rPPG,0,0,-1
1723,24,UBFC-rPPG,0,0,-1
1724,25,UBFC-rPPG,0,0,-1
1725,26,UBFC-rPPG,0,0,-1
1726,27,UBFC-rPPG,0,0,-1
1727,3,UBFC-rPPG,0,0,-1
1728,30,UBFC-rPPG,0,0,-1
1729,31,UBFC-rPPG,0,0,-1
1730,32,UBFC-rPPG,0,0,-1
1731,33,UBFC-rPPG,0,0,-1
1732,34,UBFC-rPPG,0,0,-1
1733,35,UBFC-rPPG,0,0,-1
1734,36,UBFC-rPPG,0,0,-1
1735,37,UBFC-rPPG,0,0,-1
1736,38,UBFC-rPPG,0,0,-1
1737,39,UBFC-rPPG,0,0,-1
1738,4,UBFC-rPPG,0,0,-1
1739,40,UBFC-rPPG,0,0,-1
1740,41,UBFC-rPPG,0,0,-1
1741,42,UBFC-rPPG,0,0,-1
1742,43,UBFC-rPPG,0,0,-1
1743,44,UBFC-rPPG,0,0,-1
1744,45,UBFC-rPPG,0,0,-1
1745,46,UBFC-rPPG,0,0,-1
1746,47,UBFC-rPPG,0,0,-1
1747,48,UBFC-rPPG,0,0,-1
1748,49,UBFC-rPPG,0,0,-1
1749,5,UBFC-rPPG,0,0,-1
1750,8,UBFC-rPPG,0,0,-1
1751,9,UBFC-rPPG,0,0,-1
1752,1,UBFC-rPPG,0,0,-1
1753,1,UBFC-rPPG,0,0,-1
1754,1,UBFC-rPPG,0,0,-1
1755,1,UBFC-rPPG,0,0,-1
1756,1,UBFC-rPPG,0,0,-1
1757,1,UBFC-rPPG,0,0,-1
1758,1,UBFC-rPPG,0,0,-1
1759,1,UBFC-rPPG,0,0,-1
1760,1,UBFC-rPPG,0,0,-1
1761,10,UBFC-rPPG,0,0,-1
1762,11,UBFC-rPPG,0,0,-1
1763,12,UBFC-rPPG,0,0,-1
1764,13,UBFC-rPPG,0,0,-1
1765,14,UBFC-rPPG,0,0,-1
1766,15,UBFC-rPPG,0,0,-1
1767,16,UBFC-rPPG,0,0,-1
1768,17,UBFC-rPPG,0,0,-1
1769,18,UBFC-rPPG,0,0,-1
1770,20,UBFC-rPPG,0,0,-1
1771,23,UBFC-rPPG,0,0,-1
1772,24,UBFC-rPPG,0,0,-1
1773,25,UBFC-rPPG,0,0,-1
1774,26,UBFC-rPPG,0,0,-1
1775,27,UBFC-rPPG,0,0,-1
1776,3,UBFC-rPPG,0,0,-1
1777,30,UBFC-rPPG,0,0,-1
1778,31,UBFC-rPPG,0,0,-1
1779,32,UBFC-rPPG,0,0,-1
1780,33,UBFC-rPPG,0,0,-1
1781,34,UBFC-rPPG,0,0,-1
1782,35,UBFC-rPPG,0,0,-1
1783,36,UBFC-rPPG,0,0,-1
1784,37,UBFC-rPPG,0,0,-1
1785,38,UBFC-rPPG,0,0,-1
1786,39,UBFC-rPPG,0,0,-1
1787,4,UBFC-rPPG,0,0,-1
1788,40,UBFC-rPPG,0,0,-1
1789,41,UBFC-rPPG,0,0,-1
1790,42,UBFC-rPPG,0,0,-1
1791,43,UBFC-rPPG,0,0,-1
1792,1,UBFC-rPPG,0,0,-1
1793,10,UBFC-rPPG,0,0,-1
1794,11,UBFC-rPPG,0,0,-1
1795,12,UBFC-rPPG,0,0,-1
1796,13,UBFC-rPPG,0,0,-1
1797,14,UBFC-rPPG,0,0,-1
1798,15,UBFC-rPPG,0,0,-1
1799,16,UBFC-rPPG,0,0,-1
1800,17,UBFC-rPPG,0,0,-1
1801,18,UBFC-rPPG,0,0,-1
1802,20,UBFC-rPPG,0,0,-1
1803,23,UBFC-rPPG,0,0,-1
1804,24,UBFC-rPPG,0,0,-1
1805,25,UBFC-rPPG,0,0,-1
1806,26,UBFC-rPPG,0,0,-1
1807,27,UBFC-rPPG,0,0,-1
1808,3,UBFC-rPPG,0,0,-1
1809,30,UBFC-rPPG,0,0,-1
1810,31,UBFC-rPPG,0,0,-1
1811,32,UBFC-rPPG,0,0,-1
1812,33,UBFC-rPPG,0,0,-1
1813,34,UBFC-rPPG,0,0,-1
1814,35,UBFC-rPPG,0,0,-1
1815,36,UBFC-rPPG,0,0,-1
1816,37,UBFC-rPPG,0,0,-1
1817,38,UBFC-rPPG,0,0,-1
1818,39,UBFC-rPPG,0,0,-1
1819,4,UBFC-rPPG,0,0,-1
1820,40,UBFC-rPPG,0,0,-1
1821,41,UBFC-rPPG,0,0,-1
1822,42,UBFC-rPPG,0,0,-1
1823,43,UBFC-rPPG,0,0,-1
1824,44,UBFC-rPPG,0,0,-1
1825,45,UBFC-rPPG,0,0,-1
1826,46,UBFC-rPPG,0,0,-1
1827,47,UBFC-rPPG,0,0,-1
1828,48,UBFC-rPPG,0,0,-1
1829,49,UBFC-rPPG,0,0,-1
1830,5,UBFC-rPPG,0,0,-1
1831,8,UBFC-rPPG,0,0,-1
1832,9,UBFC-rPPG,0,0,-1
1833,30,UBFC-PHYS,0,0,T1
1834,30,UBFC-PHYS,0,0,T2
1835,31,UBFC-PHYS,0,0,T1
1836,31,UBFC-PHYS,0,0,T2
1837,32,UBFC-PHYS,0,0,T1
1838,32,UBFC-PHYS,0,0,T2
1839,33,UBFC-PHYS,0,0,T1
1840,33,UBFC-PHYS,0,0,T2
1841,34,UBFC-PHYS,0,0,T1
1842,34,UBFC-PHYS,0,0,T2
1843,35,UBFC-PHYS,0,0,T1
1844,35,UBFC-PHYS,0,0,T2
1845,36,UBFC-PHYS,0,0,T1
1846,36,UBFC-PHYS,0,0,T2
1847,37,UBFC-PHYS,0,0,T1
1848,37,UBFC-PHYS,0,0,T2
1849,38,UBFC-PHYS,0,0,T1
1850,38,UBFC-PHYS,0,0,T2
1851,39,UBFC-PHYS,0,0,T1
1852,39,UBFC-PHYS,0,0,T2
1853,40,UBFC-PHYS,0,0,T1
1854,40,UBFC-PHYS,0,0,T2
1855,41,UBFC-PHYS,0,0,T1
1856,41,UBFC-PHYS,0,0,T2
1857,42,UBFC-PHYS,0,0,T1
1858,42,UBFC-PHYS,0,0,T2
1859,43,UBFC-PHYS,0,0,T1
1860,43,UBFC-PHYS,0,0,T2
1861,44,UBFC-PHYS,0,0,T1
1862,44,UBFC-PHYS,0,0,T2
1863,45,UBFC-PHYS,0,0,T1
1864,45,UBFC-PHYS,0,0,T2
1865,46,UBFC-PHYS,0,0,T1
1866,46,UBFC-PHYS,0,0,T2
1867,47,UBFC-PHYS,0,0,T1
1868,47,UBFC-PHYS,0,0,T2
1869,48,UBFC-PHYS,0,0,T1
1870,48,UBFC-PHYS,0,0,T2
1871,49,UBFC-PHYS,0,0,T1
1872,49,UBFC-PHYS,0,0,T2
1873,50,UBFC-PHYS,0,0,T1
1874,50,UBFC-PHYS,0,0,T2
1875,51,UBFC-PHYS,0,0,T1
1876,51,UBFC-PHYS,0,0,T2
1877,52,UBFC-PHYS,0,0,T1
1878,52,UBFC-PHYS,0,0,T2
1879,53,UBFC-PHYS,0,0,T1
1880,53,UBFC-PHYS,0,0,T2
1881,54,UBFC-PHYS,0,0,T1
1882,54,UBFC-PHYS,0,0,T2
1883,55,UBFC-PHYS,0,0,T1
1884,55,UBFC-PHYS,0,0,T2
1885,56,UBFC-PHYS,0,0,T1
1886,56,UBFC-PHYS,0,0,T2
1887,40,UBFC-rPPG,0,0,-1
1888,20,UBFC-rPPG,0,0,-1
1889,38,UBFC-rPPG,0,0,-1
1890,25,UBFC-rPPG,0,0,-1
1891,13,UBFC-rPPG,0,0,-1
1892,42,UBFC-rPPG,0,0,-1
1893,41,UBFC-rPPG,0,0,-1
1894,31,UBFC-rPPG,0,0,-1
1895,23,UBFC-rPPG,0,1,-1
1896,47,UBFC-rPPG,0,1,-1
1897,39,UBFC-rPPG,0,2,-1
1898,35,UBFC-rPPG,0,3,-1
1899,15,UBFC-rPPG,0,3,-1
1900,9,UBFC-rPPG,0,3,-1
1901,45,UBFC-rPPG,0,3,-1
1902,4,UBFC-rPPG,0,3,-1
1903,5,UBFC-rPPG,0,4,-1
1904,44,UBFC-rPPG,0,4,-1
1905,11,UBFC-rPPG,0,5,-1
1906,1,UBFC-rPPG,0,5,-1
1907,30,UBFC-rPPG,0,6,-1
1908,17,UBFC-rPPG,0,6,-1
1909,14,UBFC-rPPG,0,6,-1
1910,24,UBFC-rPPG,0,6,-1
1911,36,UBFC-rPPG,0,6,-1
1912,8,UBFC-rPPG,0,6,-1
1913,34,UBFC-rPPG,0,6,-1
1914,32,UBFC-rPPG,0,6,-1
1915,3,UBFC-rPPG,0,6,-1
1916,33,UBFC-rPPG,0,6,-1
1917,16,UBFC-rPPG,0,7,-1
1918,46,UBFC-rPPG,0,7,-1
1919,12,UBFC-rPPG,0,0,-1
1920,27,UBFC-rPPG,0,1,-1
1921,18,UBFC-rPPG,0,1,-1
1922,10,UBFC-rPPG,0,1,-1
1923,43,UBFC-rPPG,0,1,-1
1924,26,UBFC-rPPG,0,1,-1
1925,49,UBFC-rPPG,0,1,-1
1926,37,UBFC-rPPG,0,1,-1
1927,48,UBFC-rPPG,0,1,-1
1928,40,UBFC-rPPG,0,0,-1
1929,20,UBFC-rPPG,0,0,-1
1930,38,UBFC-rPPG,0,0,-1
1931,25,UBFC-rPPG,0,0,-1
1932,13,UBFC-rPPG,0,0,-1
1933,42,UBFC-rPPG,0,0,-1
1934,41,UBFC-rPPG,0,0,-1
1935,31,UBFC-rPPG,0,0,-1
1936,23,UBFC-rPPG,0,1,-1
1937,47,UBFC-rPPG,0,1,-1
1938,39,UBFC-rPPG,0,2,-1
1939,35,UBFC-rPPG,0,3,-1
1940,15,UBFC-rPPG,0,3,-1
1941,9,UBFC-rPPG,0,3,-1
1942,45,UBFC-rPPG,0,3,-1
1943,4,UBFC-rPPG,0,3,-1
1944,5,UBFC-rPPG,0,4,-1
1945,44,UBFC-rPPG,0,4,-1
1946,11,UBFC-rPPG,0,5,-1
1947,1,UBFC-rPPG,0,5,-1
1948,30,UBFC-rPPG,0,6,-1
1949,17,UBFC-rPPG,0,6,-1
1950,14,UBFC-rPPG,0,6,-1
1951,24,UBFC-rPPG,0,6,-1
1952,36,UBFC-rPPG,0,6,-1
1953,8,UBFC-rPPG,0,6,-1
1954,34,UBFC-rPPG,0,6,-1
1955,32,UBFC-rPPG,0,6,-1
1956,3,UBFC-rPPG,0,6,-1
1957,33,UBFC-rPPG,0,6,-1
1958,16,UBFC-rPPG,0,7,-1
1959,46,UBFC-rPPG,0,7,-1
1960,12,UBFC-rPPG,0,0,-1
1961,27,UBFC-rPPG,0,1,-1
1962,18,UBFC-rPPG,0,1,-1
1963,10,UBFC-rPPG,0,1,-1
1964,43,UBFC-rPPG,0,1,-1
1965,26,UBFC-rPPG,0,1,-1
1966,49,UBFC-rPPG,0,1,-1
1967,37,UBFC-rPPG,0,1,-1
1968,48,UBFC-rPPG,0,1,-1
1969,40,UBFC-rPPG,0,0,-1
1970,40,UBFC-rPPG,0,0,-1
1971,40,UBFC-rPPG,0,0,-1
1972,40,UBFC-rPPG,0,0,-1
1973,40,UBFC-rPPG,0,0,-1
1974,1,UBFC-rPPG,0,0,-1
1975,10,UBFC-rPPG,0,0,-1
1976,11,UBFC-rPPG,0,0,-1
1977,12,UBFC-rPPG,0,0,-1
1978,13,UBFC-rPPG,0,0,-1
1979,14,UBFC-rPPG,0,0,-1
1980,15,UBFC-rPPG,0,0,-1
1981,16,UBFC-rPPG,0,0,-1
1982,17,UBFC-rPPG,0,0,-1
1983,18,UBFC-rPPG,0,0,-1
1984,20,UBFC-rPPG,0,0,-1
1985,23,UBFC-rPPG,0,0,-1
1986,24,UBFC-rPPG,0,0,-1
1987,25,UBFC-rPPG,0,0,-1
1988,26,UBFC-rPPG,0,0,-1
1989,27,UBFC-rPPG,0,0,-1
1990,3,UBFC-rPPG,0,0,-1
1991,30,UBFC-rPPG,0,0,-1
1992,31,UBFC-rPPG,0,0,-1
1993,32,UBFC-rPPG,0,0,-1
1994,33,UBFC-rPPG,0,0,-1
1995,34,UBFC-rPPG,0,0,-1
1996,35,UBFC-rPPG,0,0,-1
1997,36,UBFC-rPPG,0,0,-1
1998,37,UBFC-rPPG,0,0,-1
1999,38,UBFC-rPPG,0,0,-1
2000,39,UBFC-rPPG,0,0,-1
2001,4,UBFC-rPPG,0,0,-1
2002,40,UBFC-rPPG,0,0,-1
2003,41,UBFC-rPPG,0,0,-1
2004,42,UBFC-rPPG,0,0,-1
2005,43,UBFC-rPPG,0,0,-1
2006,1,UBFC-rPPG,0,0,-1
2007,10,UBFC-rPPG,0,0,-1
2008,11,UBFC-rPPG,0,0,-1
2009,12,UBFC-rPPG,0,0,-1
2010,13,UBFC-rPPG,0,0,-1
2011,14,UBFC-rPPG,0,0,-1
2012,15,UBFC-rPPG,0,0,-1
2013,16,UBFC-rPPG,0,0,-1
2014,17,UBFC-rPPG,0,0,-1
2015,18,UBFC-rPPG,0,0,-1
2016,20,UBFC-rPPG,0,0,-1
2017,23,UBFC-rPPG,0,0,-1
2018,24,UBFC-rPPG,0,0,-1
2019,25,UBFC-rPPG,0,0,-1
2020,26,UBFC-rPPG,0,0,-1
2021,27,UBFC-rPPG,0,0,-1
2022,3,UBFC-rPPG,0,0,-1
2023,30,UBFC-rPPG,0,0,-1
2024,31,UBFC-rPPG,0,0,-1
2025,32,UBFC-rPPG,0,0,-1
2026,33,UBFC-rPPG,0,0,-1
2027,34,UBFC-rPPG,0,0,-1
2028,35,UBFC-rPPG,0,0,-1
2029,36,UBFC-rPPG,0,0,-1
2030,37,UBFC-rPPG,0,0,-1
2031,38,UBFC-rPPG,0,0,-1
2032,39,UBFC-rPPG,0,0,-1
2033,4,UBFC-rPPG,0,0,-1
2034,40,UBFC-rPPG,0,0,-1
2035,41,UBFC-rPPG,0,0,-1
2036,42,UBFC-rPPG,0,0,-1
2037,43,UBFC-rPPG,0,0,-1
2038,44,UBFC-rPPG,0,0,-1
2039,45,UBFC-rPPG,0,0,-1
2040,46,UBFC-rPPG,0,0,-1
2041,47,UBFC-rPPG,0,0,-1
2042,48,UBFC-rPPG,0,0,-1
2043,49,UBFC-rPPG,0,0,-1
2044,5,UBFC-rPPG,0,0,-1
2045,8,UBFC-rPPG,0,0,-1
2046,9,UBFC-rPPG,0,0,-1
2047,1,UBFC-rPPG,0,0,-1
2048,10,UBFC-rPPG,0,0,-1
2049,11,UBFC-rPPG,0,0,-1
2050,12,UBFC-rPPG,0,0,-1
2051,13,UBFC-rPPG,0,0,-1
2052,14,UBFC-rPPG,0,0,-1
2053,15,UBFC-rPPG,0,0,-1
2054,16,UBFC-rPPG,0,0,-1
2055,17,UBFC-rPPG,0,0,-1
2056,18,UBFC-rPPG,0,0,-1
2057,20,UBFC-rPPG,0,0,-1
2058,23,UBFC-rPPG,0,0,-1
2059,24,UBFC-rPPG,0,0,-1
2060,25,UBFC-rPPG,0,0,-1
2061,26,UBFC-rPPG,0,0,-1
2062,27,UBFC-rPPG,0,0,-1
2063,3,UBFC-rPPG,0,0,-1
2064,30,UBFC-rPPG,0,0,-1
2065,31,UBFC-rPPG,0,0,-1
2066,32,UBFC-rPPG,0,0,-1
2067,33,UBFC-rPPG,0,0,-1
2068,34,UBFC-rPPG,0,0,-1
2069,35,UBFC-rPPG,0,0,-1
2070,36,UBFC-rPPG,0,0,-1
2071,37,UBFC-rPPG,0,0,-1
2072,38,UBFC-rPPG,0,0,-1
2073,39,UBFC-rPPG,0,0,-1
2074,4,UBFC-rPPG,0,0,-1
2075,40,UBFC-rPPG,0,0,-1
2076,41,UBFC-rPPG,0,0,-1
2077,42,UBFC-rPPG,0,0,-1
2078,43,UBFC-rPPG,0,0,-1
2079,1,UBFC-rPPG,0,0,-1
2080,10,UBFC-rPPG,0,0,-1
2081,11,UBFC-rPPG,0,0,-1
2082,12,UBFC-rPPG,0,0,-1
2083,13,UBFC-rPPG,0,0,-1
2084,14,UBFC-rPPG,0,0,-1
2085,15,UBFC-rPPG,0,0,-1
2086,16,UBFC-rPPG,0,0,-1
2087,17,UBFC-rPPG,0,0,-1
2088,18,UBFC-rPPG,0,0,-1
2089,20,UBFC-rPPG,0,0,-1
2090,23,UBFC-rPPG,0,0,-1
2091,24,UBFC-rPPG,0,0,-1
2092,25,UBFC-rPPG,0,0,-1
2093,26,UBFC-rPPG,0,0,-1
2094,27,UBFC-rPPG,0,0,-1
2095,3,UBFC-rPPG,0,0,-1
2096,30,UBFC-rPPG,0,0,-1
2097,31,UBFC-rPPG,0,0,-1
2098,32,UBFC-rPPG,0,0,-1
2099,33,UBFC-rPPG,0,0,-1
2100,34,UBFC-rPPG,0,0,-1
2101,35,UBFC-rPPG,0,0,-1
2102,36,UBFC-rPPG,0,0,-1
2103,37,UBFC-rPPG,0,0,-1
2104,38,UBFC-rPPG,0,0,-1
2105,39,UBFC-rPPG,0,0,-1
2106,4,UBFC-rPPG,0,0,-1
2107,40,UBFC-rPPG,0,0,-1
2108,41,UBFC-rPPG,0,0,-1
2109,42,UBFC-rPPG,0,0,-1
2110,43,UBFC-rPPG,0,0,-1
2111,44,UBFC-rPPG,0,0,-1
2112,45,UBFC-rPPG,0,0,-1
2113,46,UBFC-rPPG,0,0,-1
2114,47,UBFC-rPPG,0,0,-1
2115,48,UBFC-rPPG,0,0,-1
2116,49,UBFC-rPPG,0,0,-1
2117,5,UBFC-rPPG,0,0,-1
2118,8,UBFC-rPPG,0,0,-1
2119,9,UBFC-rPPG,0,0,-1
2120,1,UBFC-rPPG,0,0,-1
2121,10,UBFC-rPPG,0,0,-1
2122,11,UBFC-rPPG,0,0,-1
2123,12,UBFC-rPPG,0,0,-1
2124,13,UBFC-rPPG,0,0,-1
2125,14,UBFC-rPPG,0,0,-1
2126,15,UBFC-rPPG,0,0,-1
2127,16,UBFC-rPPG,0,0,-1
2128,17,UBFC-rPPG,0,0,-1
2129,18,UBFC-rPPG,0,0,-1
2130,20,UBFC-rPPG,0,0,-1
2131,23,UBFC-rPPG,0,0,-1
2132,24,UBFC-rPPG,0,0,-1
2133,25,UBFC-rPPG,0,0,-1
2134,26,UBFC-rPPG,0,0,-1
2135,27,UBFC-rPPG,0,0,-1
2136,3,UBFC-rPPG,0,0,-1
2137,30,UBFC-rPPG,0,0,-1
2138,31,UBFC-rPPG,0,0,-1
2139,32,UBFC-rPPG,0,0,-1
2140,33,UBFC-rPPG,0,0,-1
2141,34,UBFC-rPPG,0,0,-1
2142,35,UBFC-rPPG,0,0,-1
2143,36,UBFC-rPPG,0,0,-1
2144,37,UBFC-rPPG,0,0,-1
2145,38,UBFC-rPPG,0,0,-1
2146,39,UBFC-rPPG,0,0,-1
2147,4,UBFC-rPPG,0,0,-1
2148,40,UBFC-rPPG,0,0,-1
2149,41,UBFC-rPPG,0,0,-1
2150,42,UBFC-rPPG,0,0,-1
2151,43,UBFC-rPPG,0,0,-1
2152,44,UBFC-rPPG,0,0,-1
2153,45,UBFC-rPPG,0,0,-1
2154,46,UBFC-rPPG,0,0,-1
2155,47,UBFC-rPPG,0,0,-1
2156,48,UBFC-rPPG,0,0,-1
2157,49,UBFC-rPPG,0,0,-1
2158,5,UBFC-rPPG,0,0,-1
2159,8,UBFC-rPPG,0,0,-1
2160,9,UBFC-rPPG,0,0,-1
2161,1,UBFC-rPPG,0,0,-1
2162,10,UBFC-rPPG,0,0,-1
2163,11,UBFC-rPPG,0,0,-1
2164,12,UBFC-rPPG,0,0,-1
2165,13,UBFC-rPPG,0,0,-1
2166,14,UBFC-rPPG,0,0,-1
2167,15,UBFC-rPPG,0,0,-1
2168,16,UBFC-rPPG,0,0,-1
2169,17,UBFC-rPPG,0,0,-1
2170,18,UBFC-rPPG,0,0,-1
2171,20,UBFC-rPPG,0,0,-1
2172,23,UBFC-rPPG,0,0,-1
2173,24,UBFC-rPPG,0,0,-1
2174,25,UBFC-rPPG,0,0,-1
2175,26,UBFC-rPPG,0,0,-1
2176,27,UBFC-rPPG,0,0,-1
2177,3,UBFC-rPPG,0,0,-1
2178,30,UBFC-rPPG,0,0,-1
2179,31,UBFC-rPPG,0,0,-1
2180,32,UBFC-rPPG,0,0,-1
2181,33,UBFC-rPPG,0,0,-1
2182,34,UBFC-rPPG,0,0,-1
2183,35,UBFC-rPPG,0,0,-1
2184,36,UBFC-rPPG,0,0,-1
2185,37,UBFC-rPPG,0,0,-1
2186,38,UBFC-rPPG,0,0,-1
2187,39,UBFC-rPPG,0,0,-1
2188,4,UBFC-rPPG,0,0,-1
2189,40,UBFC-rPPG,0,0,-1
2190,41,UBFC-rPPG,0,0,-1
2191,42,UBFC-rPPG,0,0,-1
2192,43,UBFC-rPPG,0,0,-1
2193,44,UBFC-rPPG,0,0,-1
2194,45,UBFC-rPPG,0,0,-1
2195,46,UBFC-rPPG,0,0,-1
2196,47,UBFC-rPPG,0,0,-1
2197,48,UBFC-rPPG,0,0,-1
2198,49,UBFC-rPPG,0,0,-1
2199,5,UBFC-rPPG,0,0,-1
2200,8,UBFC-rPPG,0,0,-1
2201,9,UBFC-rPPG,0,0,-1
2202,1,UBFC-rPPG,0,0,-1
2203,10,UBFC-rPPG,0,0,-1
2204,11,UBFC-rPPG,0,0,-1
2205,12,UBFC-rPPG,0,0,-1
2206,13,UBFC-rPPG,0,0,-1
2207,14,UBFC-rPPG,0,0,-1
2208,15,UBFC-rPPG,0,0,-1
2209,16,UBFC-rPPG,0,0,-1
2210,17,UBFC-rPPG,0,0,-1
2211,18,UBFC-rPPG,0,0,-1
2212,20,UBFC-rPPG,0,0,-1
2213,23,UBFC-rPPG,0,0,-1
2214,24,UBFC-rPPG,0,0,-1
2215,25,UBFC-rPPG,0,0,-1
2216,26,UBFC-rPPG,0,0,-1
2217,27,UBFC-rPPG,0,0,-1
2218,3,UBFC-rPPG,0,0,-1
2219,30,UBFC-rPPG,0,0,-1
2220,31,UBFC-rPPG,0,0,-1
2221,32,UBFC-rPPG,0,0,-1
2222,33,UBFC-rPPG,0,0,-1
2223,34,UBFC-rPPG,0,0,-1
2224,35,UBFC-rPPG,0,0,-1
2225,36,UBFC-rPPG,0,0,-1
2226,37,UBFC-rPPG,0,0,-1
2227,38,UBFC-rPPG,0,0,-1
2228,39,UBFC-rPPG,0,0,-1
2229,4,UBFC-rPPG,0,0,-1
2230,40,UBFC-rPPG,0,0,-1
2231,41,UBFC-rPPG,0,0,-1
2232,42,UBFC-rPPG,0,0,-1
2233,43,UBFC-rPPG,0,0,-1
2234,44,UBFC-rPPG,0,0,-1
2235,45,UBFC-rPPG,0,0,-1
2236,46,UBFC-rPPG,0,0,-1
2237,47,UBFC-rPPG,0,0,-1
2238,48,UBFC-rPPG,0,0,-1
2239,49,UBFC-rPPG,0,0,-1
2240,5,UBFC-rPPG,0,0,-1
2241,8,UBFC-rPPG,0,0,-1
2242,9,UBFC-rPPG,0,0,-1
2243,1,UBFC-rPPG,0,0,-1
2244,10,UBFC-rPPG,0,0,-1
2245,11,UBFC-rPPG,0,0,-1
2246,12,UBFC-rPPG,0,0,-1
2247,13,UBFC-rPPG,0,0,-1
2248,14,UBFC-rPPG,0,0,-1
2249,15,UBFC-rPPG,0,0,-1
2250,16,UBFC-rPPG,0,0,-1
2251,17,UBFC-rPPG,0,0,-1
2252,18,UBFC-rPPG,0,0,-1
2253,20,UBFC-rPPG,0,0,-1
2254,23,UBFC-rPPG,0,0,-1
2255,24,UBFC-rPPG,0,0,-1
2256,25,UBFC-rPPG,0,0,-1
2257,26,UBFC-rPPG,0,0,-1
2258,27,UBFC-rPPG,0,0,-1
2259,3,UBFC-rPPG,0,0,-1
2260,30,UBFC-rPPG,0,0,-1
2261,31,UBFC-rPPG,0,0,-1
2262,32,UBFC-rPPG,0,0,-1
2263,33,UBFC-rPPG,0,0,-1
2264,34,UBFC-rPPG,0,0,-1
2265,35,UBFC-rPPG,0,0,-1
2266,36,UBFC-rPPG,0,0,-1
2267,37,UBFC-rPPG,0,0,-1
2268,38,UBFC-rPPG,0,0,-1
2269,39,UBFC-rPPG,0,0,-1
2270,4,UBFC-rPPG,0,0,-1
2271,40,UBFC-rPPG,0,0,-1
2272,41,UBFC-rPPG,0,0,-1
2273,42,UBFC-rPPG,0,0,-1
2274,43,UBFC-rPPG,0,0,-1
2275,44,UBFC-rPPG,0,0,-1
2276,45,UBFC-rPPG,0,0,-1
2277,46,UBFC-rPPG,0,0,-1
2278,47,UBFC-rPPG,0,0,-1
2279,48,UBFC-rPPG,0,0,-1
2280,49,UBFC-rPPG,0,0,-1
2281,5,UBFC-rPPG,0,0,-1
2282,8,UBFC-rPPG,0,0,-1
2283,9,UBFC-rPPG,0,0,-1
2284,1,UBFC-rPPG,0,0,-1
2285,10,UBFC-rPPG,0,0,-1
2286,11,UBFC-rPPG,0,0,-1
2287,12,UBFC-rPPG,0,0,-1
2288,13,UBFC-rPPG,0,0,-1
2289,14,UBFC-rPPG,0,0,-1
2290,15,UBFC-rPPG,0,0,-1
2291,16,UBFC-rPPG,0,0,-1
2292,17,UBFC-rPPG,0,0,-1
2293,18,UBFC-rPPG,0,0,-1
2294,20,UBFC-rPPG,0,0,-1
2295,23,UBFC-rPPG,0,0,-1
2296,24,UBFC-rPPG,0,0,-1
2297,25,UBFC-rPPG,0,0,-1
2298,26,UBFC-rPPG,0,0,-1
2299,27,UBFC-rPPG,0,0,-1
2300,3,UBFC-rPPG,0,0,-1
2301,30,UBFC-rPPG,0,0,-1
2302,31,UBFC-rPPG,0,0,-1
2303,32,UBFC-rPPG,0,0,-1
2304,33,UBFC-rPPG,0,0,-1
2305,34,UBFC-rPPG,0,0,-1
2306,35,UBFC-rPPG,0,0,-1
2307,36,UBFC-rPPG,0,0,-1
2308,37,UBFC-rPPG,0,0,-1
2309,38,UBFC-rPPG,0,0,-1
2310,39,UBFC-rPPG,0,0,-1
2311,4,UBFC-rPPG,0,0,-1
2312,40,UBFC-rPPG,0,0,-1
2313,41,UBFC-rPPG,0,0,-1
2314,42,UBFC-rPPG,0,0,-1
2315,43,UBFC-rPPG,0,0,-1
2316,44,UBFC-rPPG,0,0,-1
2317,45,UBFC-rPPG,0,0,-1
2318,46,UBFC-rPPG,0,0,-1
2319,47,UBFC-rPPG,0,0,-1
2320,48,UBFC-rPPG,0,0,-1
2321,49,UBFC-rPPG,0,0,-1
2322,5,UBFC-rPPG,0,0,-1
2323,8,UBFC-rPPG,0,0,-1
2324,9,UBFC-rPPG,0,0,-1
2325,1,UBFC-rPPG,0,0,-1
2326,10,UBFC-rPPG,0,0,-1
2327,11,UBFC-rPPG,0,0,-1
2328,12,UBFC-rPPG,0,0,-1
2329,13,UBFC-rPPG,0,0,-1
2330,14,UBFC-rPPG,0,0,-1
2331,15,UBFC-rPPG,0,0,-1
2332,16,UBFC-rPPG,0,0,-1
2333,17,UBFC-rPPG,0,0,-1
2334,18,UBFC-rPPG,0,0,-1
2335,20,UBFC-rPPG,0,0,-1
2336,23,UBFC-rPPG,0,0,-1
2337,24,UBFC-rPPG,0,0,-1
2338,25,UBFC-rPPG,0,0,-1
2339,26,UBFC-rPPG,0,0,-1
2340,27,UBFC-rPPG,0,0,-1
2341,3,UBFC-rPPG,0,0,-1
2342,30,UBFC-rPPG,0,0,-1
2343,31,UBFC-rPPG,0,0,-1
2344,32,UBFC-rPPG,0,0,-1
2345,33,UBFC-rPPG,0,0,-1
2346,34,UBFC-rPPG,0,0,-1
2347,35,UBFC-rPPG,0,0,-1
2348,36,UBFC-rPPG,0,0,-1
2349,37,UBFC-rPPG,0,0,-1
2350,38,UBFC-rPPG,0,0,-1
2351,39,UBFC-rPPG,0,0,-1
2352,4,UBFC-rPPG,0,0,-1
2353,40,UBFC-rPPG,0,0,-1
2354,41,UBFC-rPPG,0,0,-1
2355,42,UBFC-rPPG,0,0,-1
2356,43,UBFC-rPPG,0,0,-1
2357,44,UBFC-rPPG,0,0,-1
2358,45,UBFC-rPPG,0,0,-1
2359,46,UBFC-rPPG,0,0,-1
2360,47,UBFC-rPPG,0,0,-1
2361,48,UBFC-rPPG,0,0,-1
2362,49,UBFC-rPPG,0,0,-1
2363,5,UBFC-rPPG,0,0,-1
2364,8,UBFC-rPPG,0,0,-1
2365,9,UBFC-rPPG,0,0,-1
2366,1,UBFC-rPPG,0,0,-1
2367,10,UBFC-rPPG,0,0,-1
2368,11,UBFC-rPPG,0,0,-1
2369,12,UBFC-rPPG,0,0,-1
2370,13,UBFC-rPPG,0,0,-1
2371,14,UBFC-rPPG,0,0,-1
2372,15,UBFC-rPPG,0,0,-1
2373,16,UBFC-rPPG,0,0,-1
2374,17,UBFC-rPPG,0,0,-1
2375,18,UBFC-rPPG,0,0,-1
2376,20,UBFC-rPPG,0,0,-1
2377,23,UBFC-rPPG,0,0,-1
2378,24,UBFC-rPPG,0,0,-1
2379,25,UBFC-rPPG,0,0,-1
2380,26,UBFC-rPPG,0,0,-1
2381,27,UBFC-rPPG,0,0,-1
2382,3,UBFC-rPPG,0,0,-1
2383,30,UBFC-rPPG,0,0,-1
2384,31,UBFC-rPPG,0,0,-1
2385,32,UBFC-rPPG,0,0,-1
2386,33,UBFC-rPPG,0,0,-1
2387,34,UBFC-rPPG,0,0,-1
2388,35,UBFC-rPPG,0,0,-1
2389,36,UBFC-rPPG,0,0,-1
2390,37,UBFC-rPPG,0,0,-1
2391,38,UBFC-rPPG,0,0,-1
2392,39,UBFC-rPPG,0,0,-1
2393,4,UBFC-rPPG,0,0,-1
2394,40,UBFC-rPPG,0,0,-1
2395,41,UBFC-rPPG,0,0,-1
2396,42,UBFC-rPPG,0,0,-1
2397,43,UBFC-rPPG,0,0,-1
2398,44,UBFC-rPPG,0,0,-1
2399,45,UBFC-rPPG,0,0,-1
2400,46,UBFC-rPPG,0,0,-1
2401,47,UBFC-rPPG,0,0,-1
2402,48,UBFC-rPPG,0,0,-1
2403,49,UBFC-rPPG,0,0,-1
2404,5,UBFC-rPPG,0,0,-1
2405,8,UBFC-rPPG,0,0,-1
2406,9,UBFC-rPPG,0,0,-1
2407,1,UBFC-rPPG,0,0,-1
2408,10,UBFC-rPPG,0,0,-1
2409,11,UBFC-rPPG,0,0,-1
2410,12,UBFC-rPPG,0,0,-1
2411,13,UBFC-rPPG,0,0,-1
2412,14,UBFC-rPPG,0,0,-1
2413,15,UBFC-rPPG,0,0,-1
2414,16,UBFC-rPPG,0,0,-1
2415,17,UBFC-rPPG,0,0,-1
2416,18,UBFC-rPPG,0,0,-1
2417,20,UBFC-rPPG,0,0,-1
2418,23,UBFC-rPPG,0,0,-1
2419,24,UBFC-rPPG,0,0,-1
2420,25,UBFC-rPPG,0,0,-1
2421,26,UBFC-rPPG,0,0,-1
2422,27,UBFC-rPPG,0,0,-1
2423,3,UBFC-rPPG,0,0,-1
2424,30,UBFC-rPPG,0,0,-1
2425,31,UBFC-rPPG,0,0,-1
2426,32,UBFC-rPPG,0,0,-1
2427,33,UBFC-rPPG,0,0,-1
2428,34,UBFC-rPPG,0,0,-1
2429,35,UBFC-rPPG,0,0,-1
2430,36,UBFC-rPPG,0,0,-1
2431,37,UBFC-rPPG,0,0,-1
2432,38,UBFC-rPPG,0,0,-1
2433,39,UBFC-rPPG,0,0,-1
2434,4,UBFC-rPPG,0,0,-1
2435,40,UBFC-rPPG,0,0,-1
2436,41,UBFC-rPPG,0,0,-1
2437,42,UBFC-rPPG,0,0,-1
2438,43,UBFC-rPPG,0,0,-1
2439,44,UBFC-rPPG,0,0,-1
2440,45,UBFC-rPPG,0,0,-1
2441,46,UBFC-rPPG,0,0,-1
2442,47,UBFC-rPPG,0,0,-1
2443,48,UBFC-rPPG,0,0,-1
2444,49,UBFC-rPPG,0,0,-1
2445,5,UBFC-rPPG,0,0,-1
2446,8,UBFC-rPPG,0,0,-1
2447,9,UBFC-rPPG,0,0,-1
2448,1,UBFC-rPPG,0,0,-1
2449,10,UBFC-rPPG,0,0,-1
2450,11,UBFC-rPPG,0,0,-1
2451,12,UBFC-rPPG,0,0,-1
2452,13,UBFC-rPPG,0,0,-1
2453,14,UBFC-rPPG,0,0,-1
2454,15,UBFC-rPPG,0,0,-1
2455,16,UBFC-rPPG,0,0,-1
2456,17,UBFC-rPPG,0,0,-1
2457,18,UBFC-rPPG,0,0,-1
2458,20,UBFC-rPPG,0,0,-1
2459,23,UBFC-rPPG,0,0,-1
2460,24,UBFC-rPPG,0,0,-1
2461,25,UBFC-rPPG,0,0,-1
2462,26,UBFC-rPPG,0,0,-1
2463,27,UBFC-rPPG,0,0,-1
2464,3,UBFC-rPPG,0,0,-1
2465,30,UBFC-rPPG,0,0,-1
2466,31,UBFC-rPPG,0,0,-1
2467,32,UBFC-rPPG,0,0,-1
2468,33,UBFC-rPPG,0,0,-1
2469,34,UBFC-rPPG,0,0,-1
2470,35,UBFC-rPPG,0,0,-1
2471,36,UBFC-rPPG,0,0,-1
2472,37,UBFC-rPPG,0,0,-1
2473,38,UBFC-rPPG,0,0,-1
2474,39,UBFC-rPPG,0,0,-1
2475,4,UBFC-rPPG,0,0,-1
2476,40,UBFC-rPPG,0,0,-1
2477,41,UBFC-rPPG,0,0,-1
2478,42,UBFC-rPPG,0,0,-1
2479,43,UBFC-rPPG,0,0,-1
2480,44,UBFC-rPPG,0,0,-1
2481,45,UBFC-rPPG,0,0,-1
2482,46,UBFC-rPPG,0,0,-1
2483,47,UBFC-rPPG,0,0,-1
2484,48,UBFC-rPPG,0,0,-1
2485,49,UBFC-rPPG,0,0,-1
2486,5,UBFC-rPPG,0,0,-1
2487,8,UBFC-rPPG,0,0,-1
2488,9,UBFC-rPPG,0,0,-1
2489,40,UBFC-rPPG,0,0,-1
2490,20,UBFC-rPPG,0,0,-1
2491,38,UBFC-rPPG,0,0,-1
2492,25,UBFC-rPPG,0,0,-1
2493,13,UBFC-rPPG,0,0,-1
2494,42,UBFC-rPPG,0,0,-1
2495,41,UBFC-rPPG,0,0,-1
2496,31,UBFC-rPPG,0,0,-1
2497,23,UBFC-rPPG,0,1,-1
2498,47,UBFC-rPPG,0,1,-1
2499,39,UBFC-rPPG,0,2,-1
2500,35,UBFC-rPPG,0,3,-1
2501,15,UBFC-rPPG,0,3,-1
2502,9,UBFC-rPPG,0,3,-1
2503,45,UBFC-rPPG,0,3,-1
2504,4,UBFC-rPPG,0,3,-1
2505,5,UBFC-rPPG,0,4,-1
2506,44,UBFC-rPPG,0,4,-1
2507,11,UBFC-rPPG,0,5,-1
2508,1,UBFC-rPPG,0,5,-1
2509,30,UBFC-rPPG,0,6,-1
2510,17,UBFC-rPPG,0,6,-1
2511,14,UBFC-rPPG,0,6,-1
2512,24,UBFC-rPPG,0,6,-1
2513,36,UBFC-rPPG,0,6,-1
2514,8,UBFC-rPPG,0,6,-1
2515,34,UBFC-rPPG,0,6,-1
2516,32,UBFC-rPPG,0,6,-1
2517,3,UBFC-rPPG,0,6,-1
2518,33,UBFC-rPPG,0,6,-1
2519,16,UBFC-rPPG,0,7,-1
2520,46,UBFC-rPPG,0,7,-1
2521,12,UBFC-rPPG,0,0,-1
2522,27,UBFC-rPPG,0,1,-1
2523,18,UBFC-rPPG,0,1,-1
2524,10,UBFC-rPPG,0,1,-1
2525,43,UBFC-rPPG,0,1,-1
2526,26,UBFC-rPPG,0,1,-1
2527,49,UBFC-rPPG,0,1,-1
2528,37,UBFC-rPPG,0,1,-1
2529,48,UBFC-rPPG,0,1,-1
2530,1,UBFC-rPPG,0,0,-1
2531,10,UBFC-rPPG,0,0,-1
2532,11,UBFC-rPPG,0,0,-1
2533,12,UBFC-rPPG,0,0,-1
2534,13,UBFC-rPPG,0,0,-1
2535,14,UBFC-rPPG,0,0,-1
2536,15,UBFC-rPPG,0,0,-1
2537,16,UBFC-rPPG,0,0,-1
2538,17,UBFC-rPPG,0,0,-1
2539,18,UBFC-rPPG,0,0,-1
2540,20,UBFC-rPPG,0,0,-1
2541,23,UBFC-rPPG,0,0,-1
2542,24,UBFC-rPPG,0,0,-1
2543,25,UBFC-rPPG,0,0,-1
2544,26,UBFC-rPPG,0,0,-1
2545,27,UBFC-rPPG,0,0,-1
2546,3,UBFC-rPPG,0,0,-1
2547,30,UBFC-rPPG,0,0,-1
2548,31,UBFC-rPPG,0,0,-1
2549,32,UBFC-rPPG,0,0,-1
2550,33,UBFC-rPPG,0,0,-1
2551,34,UBFC-rPPG,0,0,-1
2552,35,UBFC-rPPG,0,0,-1
2553,36,UBFC-rPPG,0,0,-1
2554,37,UBFC-rPPG,0,0,-1
2555,38,UBFC-rPPG,0,0,-1
2556,39,UBFC-rPPG,0,0,-1
2557,4,UBFC-rPPG,0,0,-1
2558,40,UBFC-rPPG,0,0,-1
2559,41,UBFC-rPPG,0,0,-1
2560,42,UBFC-rPPG,0,0,-1
2561,43,UBFC-rPPG,0,0,-1
2562,44,UBFC-rPPG,0,0,-1
2563,45,UBFC-rPPG,0,0,-1
2564,46,UBFC-rPPG,0,0,-1
2565,47,UBFC-rPPG,0,0,-1
2566,48,UBFC-rPPG,0,0,-1
2567,49,UBFC-rPPG,0,0,-1
2568,5,UBFC-rPPG,0,0,-1
2569,8,UBFC-rPPG,0,0,-1
2570,9,UBFC-rPPG,0,0,-1
